OrderID,LineNumber,ProductID,Quantity,UnitPrice,LineNetAmount
ORD-2023-000001,1,PROD-047,1,108.45,77.02
ORD-2023-000001,2,PROD-029,1,24.79,18.26
ORD-2023-000002,1,PROD-001,2,12.9,12.95
ORD-2023-000003,1,PROD-001,2,12.9,21.71
ORD-2023-000003,2,PROD-003,1,14.37,11.97
ORD-2023-000004,1,PROD-036,2,11.55,13.09
ORD-2023-000004,2,PROD-005,1,20.28,17.32
ORD-2023-000005,1,PROD-003,1,14.37,-12.28
ORD-2023-000005,2,PROD-034,1,9.01,8.0
ORD-2023-000005,3,PROD-022,1,9.01,8.17
ORD-2023-000006,1,PROD-021,1,15.49,10.57
ORD-2023-000007,1,PROD-032,1,19.72,12.83
ORD-2023-000008,1,PROD-021,1,15.49,13.57
ORD-2023-000009,1,PROD-005,1,20.28,16.52
ORD-2023-000009,2,PROD-023,1,7.89,4.95
ORD-2023-000009,3,PROD-017,3,12.5,35.46
ORD-2023-000010,1,PROD-041,2,11.83,22.08
ORD-2023-000011,1,PROD-040,2,15.21,13.69
ORD-2023-000012,1,PROD-025,1,21.97,20.36
ORD-2023-000013,1,PROD-010,1,38.03,35.81
ORD-2023-000013,2,PROD-045,1,72.68,67.34
ORD-2023-000013,3,PROD-008,2,9.9,16.66
ORD-2023-000014,1,PROD-007,1,17.18,16.08
ORD-2023-000014,2,PROD-035,3,10.14,-29.58
ORD-2023-000014,3,PROD-002,3,11.9,34.58
ORD-2023-000015,1,PROD-005,1,20.28,13.71
ORD-2023-000015,2,PROD-038,1,7.89,3.55
ORD-2023-000016,1,PROD-013,1,11.9,7.55
ORD-2023-000017,1,PROD-035,3,10.14,28.55
ORD-2023-000018,1,PROD-037,3,9.86,25.62
ORD-2023-000018,2,PROD-040,1,15.21,6.84
ORD-2023-000019,1,PROD-005,1,20.28,18.56
ORD-2023-000019,2,PROD-054,1,59.15,57.23
ORD-2023-000020,1,PROD-001,1,12.9,12.45
ORD-2023-000021,1,PROD-006,1,32.39,29.24
ORD-2023-000022,1,PROD-007,3,17.18,51.04
ORD-2023-000022,2,PROD-039,2,8.17,16.18
ORD-2023-000022,3,PROD-024,1,8.73,8.48
ORD-2023-000023,1,PROD-037,2,9.86,15.42
ORD-2023-000024,1,PROD-041,4,11.83,29.54
ORD-2023-000025,1,PROD-002,1,11.9,11.26
ORD-2023-000025,2,PROD-008,2,9.9,19.54
ORD-2023-000026,1,PROD-008,2,9.9,18.25
ORD-2023-000027,1,PROD-005,2,20.28,39.28
ORD-2023-000027,2,PROD-003,1,14.37,13.6
ORD-2023-000027,3,PROD-002,2,11.9,23.03
ORD-2023-000028,1,PROD-008,3,9.9,18.39
ORD-2023-000029,1,PROD-015,1,26.76,19.4
ORD-2023-000029,2,PROD-012,1,18.5,18.31
ORD-2023-000030,1,PROD-001,3,12.9,17.41
ORD-2023-000031,1,PROD-006,1,32.39,15.34
ORD-2023-000031,2,PROD-008,2,9.9,15.59
ORD-2023-000032,1,PROD-015,1,26.76,25.87
ORD-2023-000033,1,PROD-030,1,49.3,45.12
ORD-2023-000034,1,PROD-040,2,15.21,17.56
ORD-2023-000035,1,PROD-040,2,15.21,21.89
ORD-2023-000036,1,PROD-041,2,11.83,20.48
ORD-2023-000036,2,PROD-002,2,11.9,20.59
ORD-2023-000037,1,PROD-033,1,52.11,51.18
ORD-2023-000037,2,PROD-052,1,46.48,44.3
ORD-2023-000038,1,PROD-005,1,20.28,18.77
ORD-2023-000039,1,PROD-052,1,46.48,43.4
ORD-2023-000039,2,PROD-007,3,17.18,45.53
ORD-2023-000039,3,PROD-019,3,29.58,76.81
ORD-2023-000040,1,PROD-049,1,80.28,62.18
ORD-2023-000041,1,PROD-006,3,32.39,77.17
ORD-2023-000041,2,PROD-007,1,17.18,15.73
ORD-2023-000041,3,PROD-017,2,12.5,19.91
ORD-2023-000042,1,PROD-024,2,8.73,7.86
ORD-2023-000043,1,PROD-029,2,24.79,45.96
ORD-2023-000044,1,PROD-044,1,40.85,21.62
ORD-2023-000044,2,PROD-002,1,11.9,10.86
ORD-2023-000045,1,PROD-017,2,12.5,17.2
ORD-2023-000045,2,PROD-027,1,21.13,19.12
ORD-2023-000046,1,PROD-026,1,14.65,13.48
ORD-2023-000046,2,PROD-049,1,80.28,77.91
ORD-2023-000046,3,PROD-028,1,17.18,15.8
ORD-2023-000047,1,PROD-042,3,73.24,120.06
ORD-2023-000047,2,PROD-034,1,9.01,5.89
ORD-2023-000048,1,PROD-004,1,20.28,18.13
ORD-2023-000049,1,PROD-001,1,12.9,12.0
ORD-2023-000050,1,PROD-053,1,53.52,45.06
ORD-2023-000050,2,PROD-003,2,14.37,24.58
ORD-2023-000051,1,PROD-017,1,12.5,7.68
ORD-2023-000051,2,PROD-032,2,19.72,28.61
ORD-2023-000052,1,PROD-038,1,7.89,5.79
ORD-2023-000052,2,PROD-030,1,49.3,42.83
ORD-2023-000053,1,PROD-012,1,18.5,14.85
ORD-2023-000053,2,PROD-004,1,20.28,18.38
ORD-2023-000053,3,PROD-010,1,38.03,33.4
ORD-2023-000054,1,PROD-051,1,36.06,22.99
ORD-2023-000055,1,PROD-038,1,7.89,6.63
ORD-2023-000056,1,PROD-003,1,14.37,13.93
ORD-2023-000056,2,PROD-056,1,101.41,100.85
ORD-2023-000057,1,PROD-038,1,7.89,7.16
ORD-2023-000058,1,PROD-055,1,74.65,39.41
ORD-2023-000059,1,PROD-056,1,101.41,92.6
ORD-2023-000060,1,PROD-040,1,15.21,13.56
ORD-2023-000061,1,PROD-021,1,15.49,6.97
ORD-2023-000062,1,PROD-006,2,32.39,44.32
ORD-2023-000062,2,PROD-032,1,19.72,16.86
ORD-2023-000063,1,PROD-007,1,17.18,10.72
ORD-2023-000064,1,PROD-006,1,32.39,30.83
ORD-2023-000065,1,PROD-004,1,20.28,19.97
ORD-2023-000066,1,PROD-001,2,12.9,23.24
ORD-2023-000066,2,PROD-002,1,11.9,10.6
ORD-2023-000067,1,PROD-047,1,108.45,87.48
ORD-2023-000068,1,PROD-004,1,20.28,18.43
ORD-2023-000068,2,PROD-013,1,11.9,10.56
ORD-2023-000069,1,PROD-042,1,73.24,68.67
ORD-2023-000070,1,PROD-031,1,53.52,38.1
ORD-2023-000071,1,PROD-030,2,49.3,92.51
ORD-2023-000071,2,PROD-027,2,21.13,27.19
ORD-2023-000072,1,PROD-032,1,19.72,18.46
ORD-2023-000073,1,PROD-004,1,20.28,9.13
ORD-2023-000073,2,PROD-006,1,32.39,17.45
ORD-2023-000074,1,PROD-049,1,80.28,60.11
ORD-2023-000075,1,PROD-040,3,15.21,44.74
ORD-2023-000075,2,PROD-019,1,29.58,28.78
ORD-2023-000076,1,PROD-024,1,8.73,7.88
ORD-2023-000077,1,PROD-053,1,53.52,49.62
ORD-2023-000078,1,PROD-038,2,7.89,12.85
ORD-2023-000078,2,PROD-050,1,61.97,57.2
ORD-2023-000079,1,PROD-020,1,10.14,6.82
ORD-2023-000080,1,PROD-045,1,72.68,61.61
ORD-2023-000081,1,PROD-051,1,36.06,25.09
ORD-2023-000082,1,PROD-011,2,14.9,26.94
ORD-2023-000083,1,PROD-006,1,32.39,14.58
ORD-2023-000084,1,PROD-041,3,11.83,34.08
ORD-2023-000085,1,PROD-016,1,8.9,8.44
ORD-2023-000085,2,PROD-032,2,19.72,38.11
ORD-2023-000085,3,PROD-040,2,15.21,29.29
ORD-2023-000085,4,PROD-054,1,59.15,56.05
ORD-2023-000085,5,PROD-022,1,9.01,7.86
ORD-2023-000086,1,PROD-023,1,7.89,6.43
ORD-2023-000087,1,PROD-005,1,20.28,17.31
ORD-2023-000087,2,PROD-001,1,12.9,5.8
ORD-2023-000088,1,PROD-017,1,12.5,11.61
ORD-2023-000088,2,PROD-002,2,11.9,19.87
ORD-2023-000089,1,PROD-004,2,20.28,39.87
ORD-2023-000090,1,PROD-002,1,11.9,10.93
ORD-2023-000091,1,PROD-040,1,15.21,10.95
ORD-2023-000091,2,PROD-007,1,17.18,15.35
ORD-2023-000092,1,PROD-011,2,14.9,16.37
ORD-2023-000092,2,PROD-049,1,80.28,55.43
ORD-2023-000093,1,PROD-010,1,38.03,24.28
ORD-2023-000093,2,PROD-020,1,10.14,8.45
ORD-2023-000094,1,PROD-050,1,61.97,52.69
ORD-2023-000094,2,PROD-033,1,52.11,48.42
ORD-2023-000095,1,PROD-039,2,8.17,15.07
ORD-2023-000096,1,PROD-004,3,20.28,48.6
ORD-2023-000096,2,PROD-008,1,9.9,7.51
ORD-2023-000096,3,PROD-002,1,11.9,10.94
ORD-2023-000097,1,PROD-005,2,20.28,37.24
ORD-2023-000097,2,PROD-004,3,20.28,50.77
ORD-2023-000097,3,PROD-015,1,26.76,26.08
ORD-2023-000098,1,PROD-046,1,259.15,254.02
ORD-2023-000099,1,PROD-022,2,9.01,16.49
ORD-2023-000100,1,PROD-005,3,20.28,39.8
ORD-2023-000101,1,PROD-049,1,80.28,52.78
ORD-2023-000102,1,PROD-013,1,11.9,8.53
ORD-2023-000103,1,PROD-007,1,17.18,14.37
ORD-2023-000104,1,PROD-008,2,9.9,18.24
ORD-2023-000105,1,PROD-011,2,14.9,27.35
ORD-2023-000105,2,PROD-004,1,20.28,18.67
ORD-2023-000106,1,PROD-037,1,9.86,9.29
ORD-2023-000107,1,PROD-004,1,20.28,19.85
ORD-2023-000108,1,PROD-003,2,14.37,25.41
ORD-2023-000109,1,PROD-004,1,20.28,12.04
ORD-2023-000109,2,PROD-005,1,20.28,15.55
ORD-2023-000110,1,PROD-003,1,14.37,12.62
ORD-2023-000111,1,PROD-002,1,11.9,9.08
ORD-2023-000111,2,PROD-010,2,38.03,66.48
ORD-2023-000112,1,PROD-003,1,14.37,12.27
ORD-2023-000113,1,PROD-015,1,26.76,22.4
ORD-2023-000114,1,PROD-010,2,38.03,58.94
ORD-2023-000115,1,PROD-011,2,14.9,27.76
ORD-2023-000116,1,PROD-037,3,9.86,28.92
ORD-2023-000117,1,PROD-002,1,11.9,8.34
ORD-2023-000117,2,PROD-006,2,32.39,51.84
ORD-2023-000118,1,PROD-006,2,32.39,63.93
ORD-2023-000118,2,PROD-003,1,14.37,12.94
ORD-2023-000118,3,PROD-011,2,14.9,28.83
ORD-2023-000119,1,PROD-004,2,20.28,37.96
ORD-2023-000120,1,PROD-023,1,7.89,3.55
ORD-2023-000120,2,PROD-024,2,8.73,7.86
ORD-2023-000121,1,PROD-001,1,12.9,10.83
ORD-2023-000121,2,PROD-014,1,9.9,6.57
ORD-2023-000122,1,PROD-013,1,11.9,7.02
ORD-2023-000123,1,PROD-017,2,12.5,21.69
ORD-2023-000124,1,PROD-052,2,46.48,41.83
ORD-2023-000125,1,PROD-031,1,53.52,24.08
ORD-2023-000125,2,PROD-017,1,12.5,7.74
ORD-2023-000126,1,PROD-045,2,72.68,84.38
ORD-2023-000127,1,PROD-042,2,73.24,142.6
ORD-2023-000128,1,PROD-050,1,61.97,46.68
ORD-2023-000129,1,PROD-030,1,49.3,46.95
ORD-2023-000130,1,PROD-037,1,9.86,4.62
ORD-2023-000130,2,PROD-001,1,12.9,7.67
ORD-2023-000131,1,PROD-053,1,53.52,42.4
ORD-2023-000132,1,PROD-041,4,11.83,42.4
ORD-2023-000133,1,PROD-002,2,11.9,22.44
ORD-2023-000134,1,PROD-024,2,8.73,11.1
ORD-2023-000135,1,PROD-049,1,80.28,75.17
ORD-2023-000136,1,PROD-004,2,20.28,36.35
ORD-2023-000136,2,PROD-003,1,14.37,6.47
ORD-2023-000137,1,PROD-005,1,20.28,18.09
ORD-2023-000138,1,PROD-034,1,9.01,-6.51
ORD-2023-000138,2,PROD-024,1,8.73,6.84
ORD-2023-000139,1,PROD-053,1,53.52,46.92
ORD-2023-000140,1,PROD-031,2,53.52,103.64
ORD-2023-000141,1,PROD-021,1,15.49,10.2
ORD-2023-000142,1,PROD-034,3,9.01,19.08
ORD-2023-000143,1,PROD-030,1,49.3,33.17
ORD-2023-000143,2,PROD-026,2,14.65,21.73
ORD-2023-000144,1,PROD-003,1,14.37,13.66
ORD-2023-000145,1,PROD-051,1,36.06,34.51
ORD-2023-000145,2,PROD-004,3,20.28,53.16
ORD-2023-000146,1,PROD-034,1,9.01,4.05
ORD-2023-000146,2,PROD-037,1,9.86,4.44
ORD-2023-000147,1,PROD-005,1,20.28,17.27
ORD-2023-000148,1,PROD-010,1,38.03,33.85
ORD-2023-000149,1,PROD-002,1,11.9,8.35
ORD-2023-000149,2,PROD-035,1,10.14,7.21
ORD-2023-000150,1,PROD-035,1,10.14,5.75
ORD-2023-000151,1,PROD-002,1,11.9,11.27
ORD-2023-000151,2,PROD-035,1,10.14,9.39
ORD-2023-000151,3,PROD-041,1,11.83,11.04
ORD-2023-000152,1,PROD-044,1,40.85,39.59
ORD-2023-000153,1,PROD-041,4,11.83,46.94
ORD-2023-000153,2,PROD-003,1,14.37,14.04
ORD-2023-000153,3,PROD-032,2,19.72,37.7
ORD-2023-000154,1,PROD-046,1,259.15,150.98
ORD-2023-000154,2,PROD-012,2,18.5,23.5
ORD-2023-000155,1,PROD-012,1,18.5,14.55
ORD-2023-000156,1,PROD-030,2,49.3,51.14
ORD-2023-000156,2,PROD-028,1,17.18,14.85
ORD-2023-000157,1,PROD-016,2,8.9,15.43
ORD-2023-000157,2,PROD-032,3,19.72,54.0
ORD-2023-000158,1,PROD-020,1,10.14,9.91
ORD-2023-000158,2,PROD-036,2,11.55,22.81
ORD-2023-000158,3,PROD-049,1,80.28,75.44
ORD-2023-000159,1,PROD-040,2,15.21,19.91
ORD-2023-000160,1,PROD-008,2,9.9,14.69
ORD-2023-000160,2,PROD-040,3,15.21,29.89
ORD-2023-000160,3,PROD-004,2,20.28,30.41
ORD-2023-000161,1,PROD-040,1,15.21,14.24
ORD-2023-000161,2,PROD-006,2,32.39,58.95
ORD-2023-000162,1,PROD-017,1,12.5,5.62
ORD-2023-000162,2,PROD-005,1,20.28,9.31
ORD-2023-000163,1,PROD-007,1,17.18,16.88
ORD-2023-000163,2,PROD-003,1,14.37,13.95
ORD-2023-000164,1,PROD-056,1,101.41,76.14
ORD-2023-000165,1,PROD-005,1,20.28,10.6
ORD-2023-000166,1,PROD-011,2,14.9,14.71
ORD-2023-000167,1,PROD-026,1,14.65,10.93
ORD-2023-000167,2,PROD-030,1,49.3,35.24
ORD-2023-000168,1,PROD-010,1,38.03,36.73
ORD-2023-000169,1,PROD-028,2,17.18,28.24
ORD-2023-000170,1,PROD-004,1,20.28,16.26
ORD-2023-000171,1,PROD-021,1,15.49,6.97
ORD-2023-000171,2,PROD-012,2,18.5,18.39
ORD-2023-000172,1,PROD-017,1,12.5,12.38
ORD-2023-000173,1,PROD-041,2,11.83,17.44
ORD-2023-000173,2,PROD-032,2,19.72,29.96
ORD-2023-000174,1,PROD-035,4,10.14,31.3
ORD-2023-000175,1,PROD-017,1,12.5,8.96
ORD-2023-000175,2,PROD-034,1,9.01,8.18
ORD-2023-000176,1,PROD-007,1,17.18,16.52
ORD-2023-000177,1,PROD-041,1,11.83,10.6
ORD-2023-000178,1,PROD-020,2,10.14,12.85
ORD-2023-000179,1,PROD-038,1,7.89,6.63
ORD-2023-000179,2,PROD-002,2,11.9,22.98
ORD-2023-000180,1,PROD-006,3,32.39,96.06
ORD-2023-000181,1,PROD-039,2,8.17,15.58
ORD-2023-000182,1,PROD-006,1,32.39,30.75
ORD-2023-000183,1,PROD-014,1,9.9,7.25
ORD-2023-000184,1,PROD-004,2,20.28,20.49
ORD-2023-000184,2,PROD-059,1,52.11,39.44
ORD-2023-000184,3,PROD-036,2,11.55,14.35
ORD-2023-000185,1,PROD-024,2,8.73,16.87
ORD-2023-000186,1,PROD-002,3,11.9,18.93
ORD-2023-000186,2,PROD-050,1,61.97,44.09
ORD-2023-000187,1,PROD-035,1,10.14,9.71
ORD-2023-000187,2,PROD-010,3,38.03,100.46
ORD-2023-000188,1,PROD-024,1,8.73,5.73
ORD-2023-000188,2,PROD-020,1,10.14,8.41
ORD-2023-000189,1,PROD-040,1,15.21,10.46
ORD-2023-000190,1,PROD-001,1,12.9,12.53
ORD-2023-000191,1,PROD-036,1,11.55,10.41
ORD-2023-000192,1,PROD-004,2,20.28,39.19
ORD-2023-000192,2,PROD-041,1,11.83,11.47
ORD-2023-000193,1,PROD-020,1,10.14,9.09
ORD-2023-000194,1,PROD-006,1,32.39,27.19
ORD-2023-000195,1,PROD-035,1,10.14,4.56
ORD-2023-000196,1,PROD-022,1,9.01,4.83
ORD-2023-000197,1,PROD-014,1,9.9,6.23
ORD-2023-000197,2,PROD-037,1,9.86,4.44
ORD-2023-000198,1,PROD-028,1,17.18,13.62
ORD-2023-000198,2,PROD-039,3,8.17,22.02
ORD-2023-000199,1,PROD-020,2,10.14,18.91
ORD-2023-000199,2,PROD-049,1,80.28,68.44
ORD-2023-000199,3,PROD-026,1,14.65,11.64
ORD-2023-000199,4,PROD-054,1,59.15,52.32
ORD-2023-000200,1,PROD-014,1,9.9,9.39
ORD-2023-000201,1,PROD-016,2,8.9,15.13
ORD-2023-000202,1,PROD-033,2,52.11,101.76
ORD-2023-000202,2,PROD-034,1,9.01,8.38
ORD-2023-000203,1,PROD-007,1,17.18,12.43
ORD-2023-000204,1,PROD-017,2,12.5,20.71
ORD-2023-000205,1,PROD-005,3,20.28,55.78
ORD-2023-000205,2,PROD-035,1,10.14,9.87
ORD-2023-000206,1,PROD-021,2,15.49,13.94
ORD-2023-000207,1,PROD-032,1,19.72,17.89
ORD-2023-000207,2,PROD-020,1,10.14,8.25
ORD-2023-000208,1,PROD-041,1,11.83,10.84
ORD-2023-000209,1,PROD-031,2,53.52,50.97
ORD-2023-000209,2,PROD-034,3,9.01,14.61
ORD-2023-000210,1,PROD-060,1,42.25,33.63
ORD-2023-000211,1,PROD-034,3,9.01,24.91
ORD-2023-000211,2,PROD-032,3,19.72,51.27
ORD-2023-000212,1,PROD-005,2,20.28,30.18
ORD-2023-000213,1,PROD-031,1,53.52,40.69
ORD-2023-000214,1,PROD-034,1,9.01,7.53
ORD-2023-000215,1,PROD-005,1,20.28,17.48
ORD-2023-000216,1,PROD-004,1,20.28,19.49
ORD-2023-000217,1,PROD-005,2,20.28,33.83
ORD-2023-000217,2,PROD-004,1,20.28,9.13
ORD-2023-000218,1,PROD-005,3,20.28,55.37
ORD-2023-000218,2,PROD-024,1,8.73,7.92
ORD-2023-000219,1,PROD-005,3,20.28,47.81
ORD-2023-000220,1,PROD-026,1,14.65,10.91
ORD-2023-000220,2,PROD-028,1,17.18,10.09
ORD-2023-000221,1,PROD-035,2,10.14,17.93
ORD-2023-000222,1,PROD-011,1,14.9,13.65
ORD-2023-000223,1,PROD-001,1,12.9,12.47
ORD-2023-000223,2,PROD-041,1,11.83,11.18
ORD-2023-000223,3,PROD-014,1,9.9,9.52
ORD-2023-000224,1,PROD-005,1,20.28,18.16
ORD-2023-000225,1,PROD-041,3,11.83,15.97
ORD-2023-000226,1,PROD-006,3,32.39,92.33
ORD-2023-000227,1,PROD-032,2,19.72,37.46
ORD-2023-000227,2,PROD-023,1,7.89,7.6
ORD-2023-000228,1,PROD-003,2,14.37,25.99
ORD-2023-000228,2,PROD-001,1,12.9,12.79
ORD-2023-000228,3,PROD-040,2,15.21,29.77
ORD-2023-000229,1,PROD-002,1,11.9,10.13
ORD-2023-000230,1,PROD-038,1,7.89,4.15
ORD-2023-000231,1,PROD-016,2,8.9,12.46
ORD-2023-000232,1,PROD-032,1,19.72,17.51
ORD-2023-000233,1,PROD-001,1,12.9,12.68
ORD-2023-000234,1,PROD-054,1,59.15,53.44
ORD-2023-000234,2,PROD-039,1,8.17,4.82
ORD-2023-000235,1,PROD-003,1,14.37,8.71
ORD-2023-000236,1,PROD-001,2,12.9,25.01
ORD-2023-000237,1,PROD-027,1,21.13,20.41
ORD-2023-000238,1,PROD-007,2,17.18,30.36
ORD-2023-000239,1,PROD-005,2,20.28,39.51
ORD-2023-000239,2,PROD-035,2,10.14,20.05
ORD-2023-000239,3,PROD-041,1,11.83,10.52
ORD-2023-000239,4,PROD-004,1,20.28,20.08
ORD-2023-000240,1,PROD-036,3,11.55,32.57
ORD-2023-000241,1,PROD-023,1,7.89,6.08
ORD-2023-000242,1,PROD-002,1,11.9,10.62
ORD-2023-000242,2,PROD-035,1,10.14,7.41
ORD-2023-000243,1,PROD-050,1,61.97,59.56
ORD-2023-000244,1,PROD-001,2,12.9,17.83
ORD-2023-000245,1,PROD-012,1,18.5,17.38
ORD-2023-000246,1,PROD-040,1,15.21,9.77
ORD-2023-000246,2,PROD-026,1,14.65,9.56
ORD-2023-000247,1,PROD-014,2,9.9,16.41
ORD-2023-000247,2,PROD-039,1,8.17,7.58
ORD-2023-000248,1,PROD-019,3,29.58,46.68
ORD-2023-000249,1,PROD-036,1,11.55,7.37
ORD-2023-000249,2,PROD-016,1,8.9,5.22
ORD-2023-000250,1,PROD-004,1,20.28,12.01
ORD-2023-000250,2,PROD-055,1,74.65,54.16
ORD-2023-000251,1,PROD-041,3,11.83,17.39
ORD-2023-000251,2,PROD-032,3,19.72,44.38
ORD-2023-000252,1,PROD-021,2,15.49,30.84
ORD-2023-000252,2,PROD-005,2,20.28,36.47
ORD-2023-000253,1,PROD-006,1,32.39,25.5
ORD-2023-000254,1,PROD-035,2,10.14,10.41
ORD-2023-000254,2,PROD-005,1,20.28,9.13
ORD-2023-000255,1,PROD-050,1,61.97,46.15
ORD-2023-000255,2,PROD-006,1,32.39,25.0
ORD-2023-000256,1,PROD-022,1,9.01,7.54
ORD-2023-000257,1,PROD-045,2,72.68,133.47
ORD-2023-000258,1,PROD-034,2,9.01,11.37
ORD-2023-000259,1,PROD-005,1,20.28,18.86
ORD-2023-000260,1,PROD-037,2,9.86,17.25
ORD-2023-000260,2,PROD-035,2,10.14,19.13
ORD-2023-000261,1,PROD-001,1,12.9,5.8
ORD-2023-000262,1,PROD-034,1,9.01,7.18
ORD-2023-000262,2,PROD-007,1,17.18,16.18
ORD-2023-000262,3,PROD-001,2,12.9,23.63
ORD-2023-000263,1,PROD-006,1,32.39,29.97
ORD-2023-000263,2,PROD-040,1,15.21,12.51
ORD-2023-000263,3,PROD-037,1,9.86,7.08
ORD-2023-000264,1,PROD-036,1,11.55,10.64
ORD-2023-000264,2,PROD-042,1,73.24,51.6
ORD-2023-000264,3,PROD-031,2,53.52,104.77
ORD-2023-000265,1,PROD-039,1,8.17,5.62
ORD-2023-000266,1,PROD-035,1,10.14,10.0
ORD-2023-000266,2,PROD-040,1,15.21,14.39
ORD-2023-000267,1,PROD-007,1,17.18,16.05
ORD-2023-000268,1,PROD-016,3,8.9,23.51
ORD-2023-000268,2,PROD-004,1,20.28,11.19
ORD-2023-000269,1,PROD-001,1,12.9,10.14
ORD-2023-000270,1,PROD-001,1,12.9,11.74
ORD-2023-000271,1,PROD-022,1,9.01,4.05
ORD-2023-000272,1,PROD-005,1,20.28,17.19
ORD-2023-000272,2,PROD-001,1,12.9,10.65
ORD-2023-000272,3,PROD-028,1,17.18,13.01
ORD-2023-000273,1,PROD-002,1,11.9,11.63
ORD-2023-000274,1,PROD-001,2,12.9,21.5
ORD-2023-000275,1,PROD-020,1,10.14,9.05
ORD-2023-000275,2,PROD-006,2,32.39,56.75
ORD-2023-000276,1,PROD-041,1,11.83,5.48
ORD-2023-000276,2,PROD-016,1,8.9,8.62
ORD-2023-000277,1,PROD-032,2,19.72,35.8
ORD-2023-000278,1,PROD-034,2,9.01,13.96
ORD-2023-000279,1,PROD-021,1,15.49,14.62
ORD-2023-000280,1,PROD-039,2,8.17,15.85
ORD-2023-000280,2,PROD-051,1,36.06,31.6
ORD-2023-000281,1,PROD-051,2,36.06,66.47
ORD-2023-000281,2,PROD-038,1,7.89,7.56
ORD-2023-000282,1,PROD-028,2,17.18,20.43
ORD-2023-000283,1,PROD-035,2,10.14,9.13
ORD-2023-000284,1,PROD-008,1,9.9,9.27
ORD-2023-000284,2,PROD-005,1,20.28,19.65
ORD-2023-000285,1,PROD-030,2,49.3,61.87
ORD-2023-000286,1,PROD-004,1,20.28,15.38
ORD-2023-000286,2,PROD-032,1,19.72,8.87
ORD-2023-000287,1,PROD-023,1,7.89,5.25
ORD-2023-000287,2,PROD-005,2,20.28,24.7
ORD-2023-000288,1,PROD-026,1,14.65,13.01
ORD-2023-000288,2,PROD-027,2,21.13,29.27
ORD-2023-000289,1,PROD-005,1,20.28,17.42
ORD-2023-000289,2,PROD-033,3,52.11,70.35
ORD-2023-000290,1,PROD-015,1,26.76,17.97
ORD-2023-000290,2,PROD-028,2,17.18,25.19
ORD-2023-000291,1,PROD-032,1,19.72,18.94
ORD-2023-000292,1,PROD-024,1,8.73,8.42
ORD-2023-000292,2,PROD-035,1,10.14,9.08
ORD-2023-000293,1,PROD-008,1,9.9,9.69
ORD-2023-000293,2,PROD-034,1,9.01,6.12
ORD-2023-000293,3,PROD-026,1,14.65,13.17
ORD-2023-000294,1,PROD-038,3,7.89,10.86
ORD-2023-000295,1,PROD-002,1,11.9,6.7
ORD-2023-000295,2,PROD-001,1,12.9,10.33
ORD-2023-000296,1,PROD-011,1,14.9,9.84
ORD-2023-000296,2,PROD-044,1,40.85,18.38
ORD-2023-000297,1,PROD-028,1,17.18,14.96
ORD-2023-000297,2,PROD-026,1,14.65,14.21
ORD-2023-000298,1,PROD-052,1,46.48,34.79
ORD-2023-000299,1,PROD-006,1,32.39,28.11
ORD-2023-000299,2,PROD-010,1,38.03,29.77
ORD-2023-000299,3,PROD-037,1,9.86,6.91
ORD-2023-000300,1,PROD-008,3,9.9,26.53
ORD-2023-000300,2,PROD-035,2,10.14,20.16
ORD-2023-000301,1,PROD-038,2,7.89,14.1
ORD-2023-000301,2,PROD-010,1,38.03,34.07
ORD-2023-000302,1,PROD-035,1,10.14,8.61
ORD-2023-000303,1,PROD-027,2,21.13,26.03
ORD-2023-000304,1,PROD-026,1,14.65,13.71
ORD-2023-000304,2,PROD-054,1,59.15,53.46
ORD-2023-000304,3,PROD-004,2,20.28,31.8
ORD-2023-000305,1,PROD-026,1,14.65,13.5
ORD-2023-000305,2,PROD-001,1,12.9,10.84
ORD-2023-000305,3,PROD-028,1,17.18,16.99
ORD-2023-000306,1,PROD-016,3,8.9,19.44
ORD-2023-000306,2,PROD-037,1,9.86,6.58
ORD-2023-000307,1,PROD-010,1,38.03,30.32
ORD-2023-000308,1,PROD-003,1,14.37,9.09
ORD-2023-000309,1,PROD-055,1,74.65,67.69
ORD-2023-000310,1,PROD-047,1,108.45,95.22
ORD-2023-000311,1,PROD-010,1,38.03,28.98
ORD-2023-000311,2,PROD-005,2,20.28,31.53
ORD-2023-000312,1,PROD-052,1,46.48,39.45
ORD-2023-000313,1,PROD-041,1,11.83,9.2
ORD-2023-000314,1,PROD-005,1,20.28,19.85
ORD-2023-000315,1,PROD-041,2,11.83,12.23
ORD-2023-000315,2,PROD-054,1,59.15,51.89
ORD-2023-000316,1,PROD-030,1,49.3,23.12
ORD-2023-000317,1,PROD-016,1,8.9,8.76
ORD-2023-000318,1,PROD-036,1,11.55,8.63
ORD-2023-000318,2,PROD-014,1,9.9,6.47
ORD-2023-000319,1,PROD-001,2,12.9,24.39
ORD-2023-000320,1,PROD-023,2,7.89,7.1
ORD-2023-000321,1,PROD-036,1,11.55,-9.74
ORD-2023-000321,2,PROD-034,1,9.01,5.68
ORD-2023-000322,1,PROD-002,3,11.9,16.07
ORD-2023-000323,1,PROD-010,1,38.03,26.68
ORD-2023-000324,1,PROD-054,1,59.15,29.55
ORD-2023-000325,1,PROD-041,1,11.83,11.72
ORD-2023-000325,2,PROD-012,1,18.5,17.81
ORD-2023-000326,1,PROD-011,2,14.9,27.62
ORD-2023-000326,2,PROD-002,1,11.9,8.63
ORD-2023-000327,1,PROD-023,2,7.89,12.35
ORD-2023-000328,1,PROD-041,1,11.83,9.98
ORD-2023-000328,2,PROD-005,1,20.28,19.4
ORD-2023-000329,1,PROD-031,1,53.52,50.84
ORD-2023-000329,2,PROD-041,1,11.83,10.9
ORD-2023-000330,1,PROD-017,1,12.5,11.49
ORD-2023-000330,2,PROD-020,1,10.14,9.52
ORD-2023-000331,1,PROD-007,1,17.18,15.91
ORD-2023-000332,1,PROD-042,1,73.24,71.56
ORD-2023-000332,2,PROD-004,1,20.28,19.62
ORD-2023-000333,1,PROD-019,1,29.58,27.45
ORD-2023-000334,1,PROD-052,1,46.48,45.75
ORD-2023-000334,2,PROD-021,1,15.49,15.31
ORD-2023-000335,1,PROD-020,1,10.14,8.85
ORD-2023-000336,1,PROD-012,1,18.5,17.63
ORD-2023-000337,1,PROD-001,2,12.9,25.28
ORD-2023-000337,2,PROD-005,1,20.28,18.96
ORD-2023-000337,3,PROD-041,3,11.83,30.14
ORD-2023-000338,1,PROD-041,1,11.83,6.15
ORD-2023-000338,2,PROD-021,1,15.49,9.46
ORD-2023-000339,1,PROD-041,1,11.83,10.22
ORD-2023-000339,2,PROD-017,2,12.5,24.02
ORD-2023-000340,1,PROD-004,1,20.28,11.31
ORD-2023-000341,1,PROD-035,1,10.14,7.66
ORD-2023-000342,1,PROD-036,2,11.55,10.6
ORD-2023-000343,1,PROD-003,1,14.37,14.34
ORD-2023-000343,2,PROD-041,3,11.83,35.17
ORD-2023-000343,3,PROD-037,2,9.86,18.47
ORD-2023-000344,1,PROD-040,1,15.21,14.54
ORD-2023-000344,2,PROD-056,1,101.41,94.89
ORD-2023-000345,1,PROD-052,1,46.48,43.41
ORD-2023-000346,1,PROD-040,1,15.21,12.06
ORD-2023-000347,1,PROD-032,3,19.72,46.19
ORD-2023-000348,1,PROD-006,3,32.39,88.18
ORD-2023-000348,2,PROD-035,2,10.14,13.87
ORD-2023-000348,3,PROD-010,1,38.03,32.7
ORD-2023-000349,1,PROD-041,1,11.83,10.14
ORD-2023-000350,1,PROD-010,2,38.03,74.07
ORD-2023-000351,1,PROD-013,1,11.9,8.47
ORD-2023-000352,1,PROD-041,2,11.83,19.88
ORD-2023-000352,2,PROD-036,1,11.55,9.51
ORD-2023-000353,1,PROD-013,1,11.9,11.35
ORD-2023-000353,2,PROD-001,1,12.9,12.49
ORD-2023-000354,1,PROD-051,1,36.06,22.07
ORD-2023-000355,1,PROD-017,2,12.5,18.16
ORD-2023-000355,2,PROD-005,1,20.28,15.81
ORD-2023-000355,3,PROD-013,2,11.9,20.36
ORD-2023-000356,1,PROD-030,1,49.3,48.63
ORD-2023-000356,2,PROD-027,1,21.13,18.17
ORD-2023-000357,1,PROD-004,1,20.28,19.38
ORD-2023-000358,1,PROD-003,1,14.37,12.82
ORD-2023-000359,1,PROD-005,1,20.28,19.38
ORD-2023-000360,1,PROD-044,1,40.85,39.95
ORD-2023-000361,1,PROD-002,2,11.9,19.43
ORD-2023-000362,1,PROD-035,2,10.14,19.44
ORD-2023-000363,1,PROD-003,1,14.37,13.86
ORD-2023-000364,1,PROD-028,1,17.18,11.23
ORD-2023-000365,1,PROD-003,3,14.37,34.88
ORD-2023-000365,2,PROD-005,1,20.28,19.62
ORD-2023-000366,1,PROD-045,1,72.68,67.96
ORD-2023-000367,1,PROD-032,1,19.72,9.23
ORD-2023-000368,1,PROD-002,1,11.9,10.63
ORD-2023-000368,2,PROD-021,1,15.49,13.04
ORD-2023-000368,3,PROD-040,1,15.21,13.62
ORD-2023-000369,1,PROD-037,1,9.86,8.97
ORD-2023-000369,2,PROD-031,1,53.52,29.7
ORD-2023-000370,1,PROD-006,2,32.39,48.62
ORD-2023-000370,2,PROD-023,2,7.89,13.35
ORD-2023-000370,3,PROD-003,2,14.37,26.68
ORD-2023-000371,1,PROD-027,1,21.13,20.46
ORD-2023-000371,2,PROD-044,1,40.85,38.76
ORD-2023-000372,1,PROD-005,2,20.28,37.83
ORD-2023-000372,2,PROD-010,1,38.03,31.09
ORD-2023-000373,1,PROD-034,2,9.01,15.61
ORD-2023-000373,2,PROD-051,1,36.06,34.68
ORD-2023-000374,1,PROD-022,2,9.01,16.6
ORD-2023-000375,1,PROD-035,2,10.14,9.13
ORD-2023-000375,2,PROD-036,2,11.55,18.55
ORD-2023-000376,1,PROD-002,2,11.9,22.4
ORD-2023-000377,1,PROD-041,1,11.83,10.21
ORD-2023-000377,2,PROD-054,1,59.15,51.35
ORD-2023-000377,3,PROD-036,2,11.55,14.91
ORD-2023-000378,1,PROD-056,1,101.41,73.45
ORD-2023-000379,1,PROD-006,1,32.39,31.47
ORD-2023-000380,1,PROD-023,2,7.89,7.1
ORD-2023-000381,1,PROD-021,2,15.49,29.95
ORD-2023-000382,1,PROD-007,2,17.18,33.41
ORD-2023-000382,2,PROD-003,2,14.37,26.44
ORD-2023-000383,1,PROD-019,2,29.58,36.17
ORD-2023-000383,2,PROD-037,3,9.86,0.0
ORD-2023-000384,1,PROD-005,2,20.28,39.93
ORD-2023-000385,1,PROD-007,2,17.18,20.25
ORD-2023-000385,2,PROD-034,1,9.01,5.7
ORD-2023-000386,1,PROD-041,2,11.83,21.9
ORD-2023-000387,1,PROD-002,1,11.9,11.82
ORD-2023-000387,2,PROD-034,2,9.01,17.16
ORD-2023-000387,3,PROD-032,2,19.72,38.97
ORD-2023-000388,1,PROD-005,2,20.28,37.47
ORD-2023-000388,2,PROD-010,1,38.03,35.52
ORD-2023-000388,3,PROD-004,1,20.28,11.04
ORD-2023-000389,1,PROD-016,1,8.9,4.96
ORD-2023-000390,1,PROD-020,1,10.14,7.69
ORD-2023-000390,2,PROD-001,1,12.9,12.05
ORD-2023-000391,1,PROD-041,1,11.83,10.36
ORD-2023-000392,1,PROD-037,2,9.86,16.44
ORD-2023-000392,2,PROD-005,1,20.28,19.95
ORD-2023-000393,1,PROD-006,1,32.39,25.5
ORD-2023-000393,2,PROD-034,1,9.01,7.97
ORD-2023-000394,1,PROD-024,1,8.73,8.28
ORD-2023-000394,2,PROD-027,1,21.13,19.44
ORD-2023-000394,3,PROD-034,2,9.01,14.48
ORD-2023-000395,1,PROD-022,1,9.01,7.89
ORD-2023-000395,2,PROD-012,2,18.5,22.52
ORD-2023-000396,1,PROD-001,1,12.9,12.54
ORD-2023-000397,1,PROD-007,2,17.18,33.95
ORD-2023-000397,2,PROD-038,1,7.89,7.66
ORD-2023-000398,1,PROD-004,1,20.28,16.37
ORD-2023-000398,2,PROD-010,2,38.03,60.68
ORD-2023-000399,1,PROD-049,1,80.28,59.8
ORD-2023-000400,1,PROD-001,1,12.9,11.22
ORD-2023-000400,2,PROD-045,1,72.68,64.75
ORD-2023-000400,3,PROD-044,1,40.85,38.18
ORD-2023-000401,1,PROD-001,2,12.9,15.94
ORD-2023-000401,2,PROD-019,2,29.58,44.91
ORD-2023-000402,1,PROD-002,1,11.9,11.3
ORD-2023-000402,2,PROD-041,3,11.83,31.41
ORD-2023-000402,3,PROD-004,1,20.28,20.02
ORD-2023-000403,1,PROD-035,1,10.14,9.03
ORD-2023-000404,1,PROD-002,3,11.9,16.07
ORD-2023-000405,1,PROD-050,1,61.97,59.58
ORD-2023-000405,2,PROD-026,1,14.65,14.23
ORD-2023-000406,1,PROD-029,1,24.79,0.0
ORD-2023-000406,2,PROD-020,2,10.14,16.89
ORD-2023-000407,1,PROD-027,1,21.13,20.76
ORD-2023-000408,1,PROD-029,1,24.79,19.57
ORD-2023-000409,1,PROD-038,1,7.89,7.58
ORD-2023-000409,2,PROD-032,1,19.72,18.51
ORD-2023-000410,1,PROD-001,1,12.9,12.22
ORD-2023-000411,1,PROD-007,1,17.18,14.64
ORD-2023-000412,1,PROD-001,1,12.9,10.94
ORD-2023-000413,1,PROD-006,1,32.39,31.71
ORD-2023-000414,1,PROD-005,1,20.28,19.82
ORD-2023-000414,2,PROD-034,2,9.01,17.43
ORD-2023-000414,3,PROD-035,1,10.14,9.74
ORD-2023-000415,1,PROD-002,1,11.9,7.63
ORD-2023-000416,1,PROD-005,3,20.28,58.11
ORD-2023-000417,1,PROD-032,3,19.72,44.61
ORD-2023-000418,1,PROD-027,1,21.13,15.57
ORD-2023-000419,1,PROD-005,1,20.28,19.29
ORD-2023-000419,2,PROD-044,1,40.85,38.13
ORD-2023-000420,1,PROD-034,4,9.01,35.59
ORD-2023-000421,1,PROD-015,2,26.76,50.09
ORD-2023-000421,2,PROD-003,2,14.37,23.59
ORD-2023-000422,1,PROD-012,2,18.5,31.86
ORD-2023-000423,1,PROD-006,2,32.39,30.46
ORD-2023-000424,1,PROD-039,1,8.17,5.62
ORD-2023-000425,1,PROD-036,1,11.55,8.55
ORD-2023-000426,1,PROD-033,1,52.11,44.31
ORD-2023-000427,1,PROD-060,1,42.25,31.18
ORD-2023-000428,1,PROD-007,1,17.18,16.89
ORD-2023-000429,1,PROD-031,1,53.52,46.6
ORD-2023-000430,1,PROD-006,2,32.39,40.4
ORD-2023-000430,2,PROD-029,2,24.79,22.31
ORD-2023-000431,1,PROD-002,2,11.9,22.53
ORD-2023-000432,1,PROD-001,1,12.9,12.44
ORD-2023-000433,1,PROD-002,1,11.9,6.96
ORD-2023-000434,1,PROD-003,3,14.37,40.21
ORD-2023-000434,2,PROD-005,1,20.28,19.6
ORD-2023-000434,3,PROD-002,3,11.9,28.48
ORD-2023-000435,1,PROD-037,2,9.86,13.69
ORD-2023-000435,2,PROD-006,1,32.39,19.78
ORD-2023-000436,1,PROD-033,4,52.11,205.54
ORD-2023-000436,2,PROD-016,1,8.9,8.63
ORD-2023-000437,1,PROD-003,1,14.37,11.97
ORD-2023-000438,1,PROD-005,1,20.28,17.47
ORD-2023-000439,1,PROD-038,1,7.89,3.98
ORD-2023-000440,1,PROD-002,2,11.9,14.97
ORD-2023-000441,1,PROD-015,2,26.76,24.08
ORD-2023-000441,2,PROD-003,3,14.37,29.95
ORD-2023-000442,1,PROD-004,1,20.28,12.22
ORD-2023-000443,1,PROD-002,3,11.9,35.24
ORD-2023-000443,2,PROD-023,1,7.89,6.94
ORD-2023-000444,1,PROD-058,1,39.44,24.42
ORD-2023-000444,2,PROD-011,2,14.9,13.41
ORD-2023-000445,1,PROD-036,1,11.55,9.61
ORD-2023-000445,2,PROD-010,1,38.03,36.11
ORD-2023-000445,3,PROD-039,1,8.17,7.81
ORD-2023-000445,4,PROD-032,2,19.72,35.21
ORD-2023-000446,1,PROD-021,1,15.49,14.66
ORD-2023-000447,1,PROD-033,3,52.11,114.64
ORD-2023-000448,1,PROD-027,1,21.13,16.8
ORD-2023-000449,1,PROD-024,2,8.73,10.04
ORD-2023-000450,1,PROD-059,1,52.11,28.35
ORD-2023-000451,1,PROD-060,1,42.25,34.84
ORD-2023-000452,1,PROD-002,2,11.9,11.83
ORD-2023-000452,2,PROD-039,1,8.17,7.4
ORD-2023-000453,1,PROD-004,1,20.28,19.23
ORD-2023-000454,1,PROD-041,1,11.83,9.66
ORD-2023-000454,2,PROD-027,1,21.13,14.72
ORD-2023-000455,1,PROD-004,1,20.28,14.6
ORD-2023-000455,2,PROD-032,2,19.72,17.75
ORD-2023-000456,1,PROD-034,2,9.01,16.36
ORD-2023-000457,1,PROD-041,2,11.83,13.21
ORD-2023-000458,1,PROD-031,1,53.52,46.41
ORD-2023-000458,2,PROD-038,2,7.89,14.93
ORD-2023-000459,1,PROD-003,1,14.37,6.47
ORD-2023-000459,2,PROD-007,1,17.18,9.92
ORD-2023-000460,1,PROD-006,2,32.39,-48.59
ORD-2023-000461,1,PROD-040,1,15.21,11.26
ORD-2023-000462,1,PROD-012,2,18.5,32.62
ORD-2023-000463,1,PROD-056,1,101.41,84.93
ORD-2023-000464,1,PROD-021,1,15.49,12.71
ORD-2023-000465,1,PROD-010,1,38.03,36.0
ORD-2023-000466,1,PROD-004,1,20.28,20.01
ORD-2023-000466,2,PROD-010,3,38.03,99.4
ORD-2023-000467,1,PROD-001,3,12.9,37.08
ORD-2023-000468,1,PROD-033,2,52.11,92.36
ORD-2023-000469,1,PROD-027,2,21.13,20.12
ORD-2023-000470,1,PROD-029,2,24.79,22.31
ORD-2023-000471,1,PROD-005,2,20.28,33.84
ORD-2023-000471,2,PROD-006,1,32.39,26.6
ORD-2023-000471,3,PROD-004,1,20.28,18.08
ORD-2023-000472,1,PROD-002,1,11.9,9.89
ORD-2023-000472,2,PROD-004,1,20.28,15.82
ORD-2023-000473,1,PROD-041,2,11.83,18.82
ORD-2023-000474,1,PROD-044,1,40.85,30.76
ORD-2023-000474,2,PROD-006,1,32.39,29.59
ORD-2023-000474,3,PROD-004,2,20.28,36.96
ORD-2023-000475,1,PROD-011,1,14.9,13.01
ORD-2023-000475,2,PROD-032,2,19.72,37.27
ORD-2023-000475,3,PROD-035,2,10.14,16.76
ORD-2023-000476,1,PROD-008,2,9.9,15.47
ORD-2023-000477,1,PROD-041,1,11.83,11.7
ORD-2023-000478,1,PROD-001,1,12.9,12.33
ORD-2023-000479,1,PROD-048,1,55.77,48.45
ORD-2023-000479,2,PROD-060,1,42.25,33.49
ORD-2023-000480,1,PROD-041,1,11.83,10.66
ORD-2023-000480,2,PROD-007,1,17.18,16.6
ORD-2023-000481,1,PROD-007,2,17.18,17.45
ORD-2023-000481,2,PROD-017,2,12.5,11.53
ORD-2023-000482,1,PROD-028,1,17.18,15.96
ORD-2023-000483,1,PROD-034,1,9.01,4.77
ORD-2023-000484,1,PROD-042,4,73.24,194.91
ORD-2023-000485,1,PROD-003,1,14.37,12.22
ORD-2023-000486,1,PROD-032,1,19.72,8.87
ORD-2023-000487,1,PROD-004,1,20.28,17.01
ORD-2023-000487,2,PROD-005,1,20.28,15.64
ORD-2023-000488,1,PROD-001,1,12.9,10.76
ORD-2023-000488,2,PROD-020,1,10.14,9.43
ORD-2023-000489,1,PROD-044,1,40.85,33.55
ORD-2023-000489,2,PROD-005,3,20.28,40.89
ORD-2023-000490,1,PROD-012,1,18.5,9.92
ORD-2023-000491,1,PROD-005,2,20.28,30.24
ORD-2023-000492,1,PROD-036,1,11.55,11.5
ORD-2023-000493,1,PROD-024,1,8.73,6.26
ORD-2023-000493,2,PROD-027,2,21.13,36.04
ORD-2023-000493,3,PROD-003,3,14.37,35.91
ORD-2023-000494,1,PROD-020,1,10.14,7.07
ORD-2023-000494,2,PROD-038,1,7.89,6.0
ORD-2023-000495,1,PROD-002,1,11.9,11.34
ORD-2023-000496,1,PROD-039,2,8.17,7.35
ORD-2023-000497,1,PROD-004,2,20.28,37.83
ORD-2023-000497,2,PROD-035,2,10.14,16.63
ORD-2023-000497,3,PROD-007,3,17.18,50.88
ORD-2023-000498,1,PROD-001,1,12.9,8.97
ORD-2023-000498,2,PROD-036,2,11.55,21.0
ORD-2023-000499,1,PROD-038,1,7.89,3.55
ORD-2023-000500,1,PROD-005,1,20.28,14.79
ORD-2023-000501,1,PROD-041,1,11.83,11.23
ORD-2023-000501,2,PROD-032,2,19.72,34.45
ORD-2023-000502,1,PROD-007,1,17.18,13.59
ORD-2023-000502,2,PROD-020,1,10.14,9.43
ORD-2023-000502,3,PROD-028,1,17.18,15.86
ORD-2023-000502,4,PROD-004,2,20.28,38.77
ORD-2023-000503,1,PROD-026,1,14.65,7.46
ORD-2023-000504,1,PROD-024,1,8.73,6.63
ORD-2023-000505,1,PROD-013,1,11.9,7.95
ORD-2023-000505,2,PROD-002,1,11.9,10.52
ORD-2023-000505,3,PROD-004,1,20.28,15.45
ORD-2023-000506,1,PROD-007,2,17.18,33.6
ORD-2023-000506,2,PROD-001,2,12.9,24.03
ORD-2023-000507,1,PROD-022,1,9.01,8.65
ORD-2023-000508,1,PROD-008,1,9.9,9.57
ORD-2023-000509,1,PROD-001,1,12.9,11.59
ORD-2023-000509,2,PROD-041,1,11.83,10.88
ORD-2023-000510,1,PROD-044,1,40.85,29.93
ORD-2023-000511,1,PROD-021,1,15.49,12.26
ORD-2023-000512,1,PROD-002,2,11.9,20.73
ORD-2023-000512,2,PROD-001,3,12.9,-30.39
ORD-2023-000512,3,PROD-028,2,17.18,16.98
ORD-2023-000513,1,PROD-005,2,20.28,38.81
ORD-2023-000513,2,PROD-036,1,11.55,11.4
ORD-2023-000514,1,PROD-038,2,7.89,15.49
ORD-2023-000514,2,PROD-028,2,17.18,34.01
ORD-2023-000515,1,PROD-026,2,14.65,13.18
ORD-2023-000516,1,PROD-002,1,11.9,11.17
ORD-2023-000516,2,PROD-013,2,11.9,22.11
ORD-2023-000516,3,PROD-015,1,26.76,22.11
ORD-2023-000517,1,PROD-029,1,24.79,17.22
ORD-2023-000518,1,PROD-039,1,8.17,7.35
ORD-2023-000519,1,PROD-029,1,24.79,18.64
ORD-2023-000519,2,PROD-034,2,9.01,12.97
ORD-2023-000520,1,PROD-005,2,20.28,35.59
ORD-2023-000521,1,PROD-008,2,9.9,17.93
ORD-2023-000522,1,PROD-023,1,7.89,6.78
ORD-2023-000523,1,PROD-006,2,32.39,62.0
ORD-2023-000524,1,PROD-003,1,14.37,14.16
ORD-2023-000524,2,PROD-035,1,10.14,10.08
ORD-2023-000525,1,PROD-017,1,12.5,11.81
ORD-2023-000525,2,PROD-035,3,10.14,28.67
ORD-2023-000525,3,PROD-003,1,14.37,13.6
ORD-2023-000526,1,PROD-007,3,17.18,48.93
ORD-2023-000527,1,PROD-016,1,8.9,8.24
ORD-2023-000528,1,PROD-003,1,14.37,11.9
ORD-2023-000528,2,PROD-008,1,9.9,8.63
ORD-2023-000529,1,PROD-025,1,21.97,21.41
ORD-2023-000529,2,PROD-002,1,11.9,11.36
ORD-2023-000529,3,PROD-004,1,20.28,16.15
ORD-2023-000530,1,PROD-005,2,20.28,39.11
ORD-2023-000530,2,PROD-001,1,12.9,12.7
ORD-2023-000531,1,PROD-007,2,17.18,31.52
ORD-2023-000532,1,PROD-039,4,8.17,31.27
ORD-2023-000532,2,PROD-017,1,12.5,11.83
ORD-2023-000533,1,PROD-008,2,9.9,16.33
ORD-2023-000533,2,PROD-015,2,26.76,47.24
ORD-2023-000534,1,PROD-006,3,32.39,96.58
ORD-2023-000535,1,PROD-021,2,15.49,27.9
ORD-2023-000535,2,PROD-023,2,7.89,14.45
ORD-2023-000536,1,PROD-001,1,12.9,12.45
ORD-2023-000536,2,PROD-004,1,20.28,20.01
ORD-2023-000537,1,PROD-035,1,10.14,8.76
ORD-2023-000537,2,PROD-040,2,15.21,29.7
ORD-2023-000538,1,PROD-001,2,12.9,22.44
ORD-2023-000539,1,PROD-021,1,15.49,12.04
ORD-2023-000540,1,PROD-006,1,32.39,28.29
ORD-2023-000540,2,PROD-020,1,10.14,8.71
ORD-2023-000540,3,PROD-001,1,12.9,11.0
ORD-2023-000540,4,PROD-005,1,20.28,17.61
ORD-2023-000541,1,PROD-035,1,10.14,7.56
ORD-2023-000542,1,PROD-003,2,14.37,26.47
ORD-2023-000542,2,PROD-035,4,10.14,37.27
ORD-2023-000542,3,PROD-005,2,20.28,37.02
ORD-2023-000543,1,PROD-001,1,12.9,12.47
ORD-2023-000544,1,PROD-011,2,14.9,27.45
ORD-2023-000544,2,PROD-032,1,19.72,19.07
ORD-2023-000545,1,PROD-037,2,9.86,17.54
ORD-2023-000545,2,PROD-013,1,11.9,11.21
ORD-2023-000546,1,PROD-029,1,24.79,22.97
ORD-2023-000546,2,PROD-001,1,12.9,12.58
ORD-2023-000546,3,PROD-008,2,9.9,17.21
ORD-2023-000546,4,PROD-046,1,259.15,243.34
ORD-2023-000547,1,PROD-007,1,17.18,15.99
ORD-2023-000547,2,PROD-004,2,20.28,39.53
ORD-2023-000547,3,PROD-002,2,11.9,22.78
ORD-2023-000548,1,PROD-035,3,10.14,26.73
ORD-2023-000549,1,PROD-022,2,9.01,16.12
ORD-2023-000549,2,PROD-004,1,20.28,16.46
ORD-2023-000550,1,PROD-002,1,11.9,9.68
ORD-2023-000551,1,PROD-019,2,29.58,57.63
ORD-2023-000551,2,PROD-014,2,9.9,16.26
ORD-2023-000551,3,PROD-042,1,73.24,60.16
ORD-2023-000551,4,PROD-016,3,8.9,24.39
ORD-2023-000551,5,PROD-039,2,8.17,16.11
ORD-2023-000552,1,PROD-002,2,11.9,22.75
ORD-2023-000552,2,PROD-005,2,20.28,39.06
ORD-2023-000553,1,PROD-016,3,8.9,26.57
ORD-2023-000554,1,PROD-004,3,20.28,55.7
ORD-2023-000555,1,PROD-006,3,32.39,87.57
ORD-2023-000556,1,PROD-048,1,55.77,53.83
ORD-2023-000557,1,PROD-004,2,20.28,29.21
ORD-2023-000558,1,PROD-019,2,29.58,42.62
ORD-2023-000558,2,PROD-006,2,32.39,60.13
ORD-2023-000559,1,PROD-013,1,11.9,11.39
ORD-2023-000560,1,PROD-002,3,11.9,33.29
ORD-2023-000560,2,PROD-017,1,12.5,11.84
ORD-2023-000560,3,PROD-037,1,9.86,9.58
ORD-2023-000561,1,PROD-050,1,61.97,56.27
ORD-2023-000561,2,PROD-022,1,9.01,8.02
ORD-2023-000562,1,PROD-028,2,17.18,32.55
ORD-2023-000562,2,PROD-040,1,15.21,14.56
ORD-2023-000563,1,PROD-004,3,20.28,55.57
ORD-2023-000564,1,PROD-006,1,32.39,25.98
ORD-2023-000564,2,PROD-021,2,15.49,29.53
ORD-2023-000565,1,PROD-034,1,9.01,7.81
ORD-2023-000566,1,PROD-005,2,20.28,39.15
ORD-2023-000567,1,PROD-016,1,8.9,8.57
ORD-2023-000568,1,PROD-025,2,21.97,42.42
ORD-2023-000569,1,PROD-025,1,21.97,18.42
ORD-2023-000569,2,PROD-026,1,14.65,12.47
ORD-2023-000569,3,PROD-022,2,9.01,15.94
ORD-2023-000569,4,PROD-034,1,9.01,8.39
ORD-2023-000569,5,PROD-040,2,15.21,24.78
ORD-2023-000570,1,PROD-031,1,53.52,51.96
ORD-2023-000571,1,PROD-037,1,9.86,-9.16
ORD-2023-000572,1,PROD-054,1,59.15,53.7
ORD-2023-000573,1,PROD-007,1,17.18,15.22
ORD-2023-000573,2,PROD-013,2,11.9,21.09
ORD-2023-000573,3,PROD-005,2,20.28,33.78
ORD-2023-000574,1,PROD-013,2,11.9,-22.49
ORD-2023-000575,1,PROD-019,2,29.58,57.19
ORD-2023-000575,2,PROD-041,1,11.83,10.68
ORD-2023-000576,1,PROD-005,1,20.28,18.25
ORD-2023-000576,2,PROD-004,1,20.28,20.24
ORD-2023-000576,3,PROD-038,3,7.89,22.17
ORD-2023-000577,1,PROD-030,1,49.3,47.71
ORD-2023-000578,1,PROD-003,2,14.37,28.57
ORD-2023-000578,2,PROD-040,3,15.21,39.05
ORD-2023-000579,1,PROD-034,4,9.01,34.42
ORD-2023-000580,1,PROD-008,1,9.9,9.66
ORD-2023-000580,2,PROD-035,2,10.14,19.25
ORD-2023-000580,3,PROD-030,1,49.3,-48.44
ORD-2023-000581,1,PROD-035,1,10.14,9.99
ORD-2023-000581,2,PROD-040,2,15.21,28.74
ORD-2023-000581,3,PROD-024,1,8.73,8.71
ORD-2023-000581,4,PROD-036,2,11.55,22.41
ORD-2023-000582,1,PROD-005,2,20.28,28.94
ORD-2023-000582,2,PROD-050,1,61.97,52.3
ORD-2023-000583,1,PROD-023,2,7.89,14.63
ORD-2023-000584,1,PROD-040,1,15.21,15.03
ORD-2023-000584,2,PROD-003,2,14.37,27.6
ORD-2023-000585,1,PROD-040,2,15.21,25.16
ORD-2023-000586,1,PROD-002,1,11.9,11.27
ORD-2023-000586,2,PROD-004,1,20.28,16.84
ORD-2023-000586,3,PROD-050,1,61.97,57.45
ORD-2023-000587,1,PROD-005,1,20.28,17.85
ORD-2023-000587,2,PROD-013,2,11.9,22.16
ORD-2023-000588,1,PROD-027,1,21.13,21.07
ORD-2023-000588,2,PROD-040,2,15.21,29.37
ORD-2023-000589,1,PROD-045,1,72.68,64.21
ORD-2023-000590,1,PROD-001,3,12.9,34.28
ORD-2023-000591,1,PROD-014,1,9.9,9.29
ORD-2023-000592,1,PROD-020,1,10.14,9.91
ORD-2023-000593,1,PROD-022,1,9.01,8.33
ORD-2023-000594,1,PROD-001,2,12.9,21.11
ORD-2023-000594,2,PROD-010,1,38.03,32.36
ORD-2023-000594,3,PROD-004,1,20.28,18.57
ORD-2023-000595,1,PROD-010,2,38.03,70.94
ORD-2023-000596,1,PROD-004,2,20.28,37.39
ORD-2023-000596,2,PROD-001,1,12.9,12.46
ORD-2023-000597,1,PROD-038,1,7.89,7.53
ORD-2023-000598,1,PROD-041,2,11.83,22.63
ORD-2023-000598,2,PROD-002,1,11.9,9.66
ORD-2023-000598,3,PROD-038,4,7.89,29.81
ORD-2023-000598,4,PROD-016,2,8.9,15.82
ORD-2023-000599,1,PROD-006,1,32.39,28.32
ORD-2023-000600,1,PROD-006,2,32.39,61.96
ORD-2023-000601,1,PROD-003,1,14.37,12.81
ORD-2023-000601,2,PROD-005,1,20.28,18.81
ORD-2023-000602,1,PROD-002,1,11.9,11.04
ORD-2023-000603,1,PROD-053,1,53.52,37.85
ORD-2023-000604,1,PROD-017,1,12.5,11.93
ORD-2023-000605,1,PROD-005,1,20.28,18.61
ORD-2023-000605,2,PROD-022,1,9.01,7.72
ORD-2023-000605,3,PROD-041,3,11.83,32.95
ORD-2023-000606,1,PROD-004,1,20.28,19.76
ORD-2023-000606,2,PROD-035,2,10.14,18.47
ORD-2023-000606,3,PROD-002,2,11.9,23.6
ORD-2023-000606,4,PROD-032,1,19.72,18.95
ORD-2023-000607,1,PROD-038,1,7.89,7.86
ORD-2023-000607,2,PROD-029,1,24.79,23.65
ORD-2023-000607,3,PROD-026,1,14.65,14.56
ORD-2023-000608,1,PROD-004,1,20.28,19.24
ORD-2023-000609,1,PROD-002,2,11.9,23.42
ORD-2023-000610,1,PROD-038,1,7.89,7.64
ORD-2023-000611,1,PROD-035,2,10.14,18.79
ORD-2023-000612,1,PROD-033,1,52.11,44.23
ORD-2023-000613,1,PROD-023,1,7.89,7.63
ORD-2023-000614,1,PROD-014,2,9.9,17.16
ORD-2023-000614,2,PROD-002,1,11.9,10.53
ORD-2023-000614,3,PROD-033,2,52.11,99.0
ORD-2023-000615,1,PROD-036,1,11.55,10.32
ORD-2023-000616,1,PROD-007,3,17.18,47.52
ORD-2023-000616,2,PROD-041,1,11.83,11.31
ORD-2023-000617,1,PROD-025,1,21.97,20.23
ORD-2023-000618,1,PROD-002,2,11.9,22.9
ORD-2023-000619,1,PROD-002,3,11.9,33.16
ORD-2023-000620,1,PROD-015,2,26.76,49.27
ORD-2023-000621,1,PROD-004,1,20.28,19.99
ORD-2023-000621,2,PROD-035,1,10.14,9.54
ORD-2023-000621,3,PROD-016,1,8.9,8.35
ORD-2023-000622,1,PROD-007,2,17.18,30.76
ORD-2023-000623,1,PROD-038,1,7.89,7.43
ORD-2023-000624,1,PROD-005,1,20.28,19.57
ORD-2023-000625,1,PROD-034,4,9.01,34.05
ORD-2023-000626,1,PROD-038,1,7.89,7.17
ORD-2023-000626,2,PROD-035,1,10.14,9.47
ORD-2023-000627,1,PROD-045,1,72.68,68.28
ORD-2023-000627,2,PROD-037,3,9.86,21.42
ORD-2023-000628,1,PROD-035,1,10.14,9.23
ORD-2023-000629,1,PROD-004,1,20.28,-18.83
ORD-2023-000629,2,PROD-050,1,61.97,58.54
ORD-2023-000630,1,PROD-005,1,20.28,17.89
ORD-2023-000631,1,PROD-003,3,14.37,39.44
ORD-2023-000632,1,PROD-015,1,26.76,25.88
ORD-2023-000632,2,PROD-036,1,11.55,11.4
ORD-2023-000633,1,PROD-002,1,11.9,10.89
ORD-2023-000634,1,PROD-038,1,7.89,5.24
ORD-2023-000634,2,PROD-040,2,15.21,17.04
ORD-2023-000635,1,PROD-040,2,15.21,29.22
ORD-2023-000636,1,PROD-017,3,12.5,34.1
ORD-2023-000636,2,PROD-022,1,9.01,8.58
ORD-2023-000637,1,PROD-006,1,32.39,19.2
ORD-2023-000637,2,PROD-001,1,12.9,7.93
ORD-2023-000638,1,PROD-035,2,10.14,19.35
ORD-2023-000639,1,PROD-024,2,8.73,16.97
ORD-2023-000640,1,PROD-038,1,7.89,7.09
ORD-2023-000641,1,PROD-053,2,53.52,106.01
ORD-2023-000641,2,PROD-006,1,32.39,30.33
ORD-2023-000642,1,PROD-024,1,8.73,7.97
ORD-2023-000643,1,PROD-004,1,20.28,19.14
ORD-2023-000643,2,PROD-033,3,52.11,146.37
ORD-2023-000643,3,PROD-036,1,11.55,10.75
ORD-2023-000644,1,PROD-035,2,10.14,19.96
ORD-2023-000645,1,PROD-022,2,9.01,14.78
ORD-2023-000645,2,PROD-041,3,11.83,33.63
ORD-2023-000645,3,PROD-021,1,15.49,15.06
ORD-2023-000646,1,PROD-013,1,11.9,11.44
ORD-2023-000646,2,PROD-035,2,10.14,18.49
ORD-2023-000646,3,PROD-014,2,9.9,19.52
ORD-2023-000646,4,PROD-007,1,17.18,17.15
ORD-2023-000646,5,PROD-008,1,9.9,9.71
ORD-2023-000647,1,PROD-006,1,32.39,29.48
ORD-2023-000648,1,PROD-004,1,20.28,19.17
ORD-2023-000648,2,PROD-034,4,9.01,29.95
ORD-2023-000649,1,PROD-039,2,8.17,15.64
ORD-2023-000650,1,PROD-010,1,38.03,36.07
ORD-2023-000650,2,PROD-008,1,9.9,8.87
ORD-2023-000651,1,PROD-019,1,29.58,25.77
ORD-2023-000651,2,PROD-028,1,17.18,16.75
ORD-2023-000651,3,PROD-004,1,20.28,18.28
ORD-2023-000651,4,PROD-016,2,8.9,15.96
ORD-2023-000651,5,PROD-005,1,20.28,20.02
ORD-2023-000652,1,PROD-027,2,21.13,39.13
ORD-2023-000652,2,PROD-011,1,14.9,14.23
ORD-2023-000653,1,PROD-035,1,10.14,9.39
ORD-2023-000653,2,PROD-004,1,20.28,17.43
ORD-2023-000654,1,PROD-034,1,9.01,8.37
ORD-2023-000655,1,PROD-001,2,12.9,25.17
ORD-2023-000656,1,PROD-004,2,20.28,37.37
ORD-2023-000656,2,PROD-006,2,32.39,63.1
ORD-2023-000657,1,PROD-040,3,15.21,41.57
ORD-2023-000657,2,PROD-035,1,10.14,9.01
ORD-2023-000658,1,PROD-008,1,9.9,9.47
ORD-2023-000658,2,PROD-014,1,9.9,8.39
ORD-2023-000658,3,PROD-035,1,10.14,9.46
ORD-2023-000659,1,PROD-036,1,11.55,7.69
ORD-2023-000660,1,PROD-042,3,73.24,204.38
ORD-2023-000661,1,PROD-007,2,17.18,31.97
ORD-2023-000662,1,PROD-022,2,9.01,17.69
ORD-2023-000663,1,PROD-007,2,17.18,27.04
ORD-2023-000664,1,PROD-002,1,11.9,10.24
ORD-2023-000664,2,PROD-005,1,20.28,17.95
ORD-2023-000664,3,PROD-001,2,12.9,24.23
ORD-2023-000665,1,PROD-041,1,11.83,10.64
ORD-2023-000666,1,PROD-003,1,14.37,6.47
ORD-2023-000666,2,PROD-035,3,10.14,13.69
ORD-2023-000667,1,PROD-004,2,20.28,37.25
ORD-2023-000668,1,PROD-006,2,32.39,53.59
ORD-2023-000668,2,PROD-005,1,20.28,19.21
ORD-2023-000668,3,PROD-014,2,9.9,18.87
ORD-2023-000669,1,PROD-038,2,7.89,15.28
ORD-2023-000670,1,PROD-002,1,11.9,9.92
ORD-2023-000671,1,PROD-017,1,12.5,11.28
ORD-2023-000671,2,PROD-005,1,20.28,19.36
ORD-2023-000672,1,PROD-002,2,11.9,20.13
ORD-2023-000672,2,PROD-027,1,21.13,20.53
ORD-2023-000673,1,PROD-001,1,12.9,11.34
ORD-2023-000673,2,PROD-040,1,15.21,12.45
ORD-2023-000674,1,PROD-005,1,20.28,19.65
ORD-2023-000675,1,PROD-002,2,11.9,22.55
ORD-2023-000675,2,PROD-007,2,17.18,33.29
ORD-2023-000675,3,PROD-004,2,20.28,39.38
ORD-2023-000676,1,PROD-003,1,14.37,14.07
ORD-2023-000676,2,PROD-040,2,15.21,26.17
ORD-2023-000677,1,PROD-004,1,20.28,19.97
ORD-2023-000677,2,PROD-012,2,18.5,32.08
ORD-2023-000678,1,PROD-006,2,32.39,58.65
ORD-2023-000679,1,PROD-020,1,10.14,9.43
ORD-2023-000679,2,PROD-041,1,11.83,11.6
ORD-2023-000680,1,PROD-023,2,7.89,9.53
ORD-2023-000681,1,PROD-004,3,20.28,53.29
ORD-2023-000682,1,PROD-008,1,9.9,9.65
ORD-2023-000683,1,PROD-001,1,12.9,11.78
ORD-2023-000684,1,PROD-007,2,17.18,34.05
ORD-2023-000684,2,PROD-040,1,15.21,15.16
ORD-2023-000685,1,PROD-020,1,10.14,9.02
ORD-2023-000686,1,PROD-006,1,32.39,31.98
ORD-2023-000687,1,PROD-012,1,18.5,18.34
ORD-2023-000687,2,PROD-006,1,32.39,31.5
ORD-2023-000687,3,PROD-008,2,9.9,19.47
ORD-2023-000688,1,PROD-001,1,12.9,10.71
ORD-2023-000688,2,PROD-003,2,14.37,28.3
ORD-2023-000689,1,PROD-045,1,72.68,65.47
ORD-2023-000690,1,PROD-008,1,9.9,9.71
ORD-2023-000690,2,PROD-005,2,20.28,36.11
ORD-2023-000691,1,PROD-038,1,7.89,7.59
ORD-2023-000692,1,PROD-003,2,14.37,26.54
ORD-2023-000693,1,PROD-036,2,11.55,20.89
ORD-2023-000694,1,PROD-040,1,15.21,14.27
ORD-2023-000695,1,PROD-005,3,20.28,60.12
ORD-2023-000696,1,PROD-007,2,17.18,32.8
ORD-2023-000696,2,PROD-041,3,11.83,28.02
ORD-2023-000696,3,PROD-022,1,9.01,7.79
ORD-2023-000697,1,PROD-007,1,17.18,16.86
ORD-2023-000697,2,PROD-041,2,11.83,23.12
ORD-2023-000697,3,PROD-028,1,17.18,16.41
ORD-2023-000698,1,PROD-034,3,9.01,23.57
ORD-2023-000699,1,PROD-005,1,20.28,17.33
ORD-2023-000700,1,PROD-034,1,9.01,8.52
ORD-2023-000701,1,PROD-002,3,11.9,35.3
ORD-2023-000702,1,PROD-001,2,12.9,22.31
ORD-2023-000702,2,PROD-032,1,19.72,17.82
ORD-2023-000703,1,PROD-004,2,20.28,33.49
ORD-2023-000704,1,PROD-016,1,8.9,8.5
ORD-2023-000704,2,PROD-032,1,19.72,12.31
ORD-2023-000704,3,PROD-028,1,17.18,14.25
ORD-2023-000705,1,PROD-050,2,61.97,122.07
ORD-2023-000706,1,PROD-001,1,12.9,8.26
ORD-2023-000707,1,PROD-002,1,11.9,10.74
ORD-2023-000707,2,PROD-005,2,20.28,33.23
ORD-2023-000707,3,PROD-034,2,9.01,15.45
ORD-2023-000708,1,PROD-003,1,14.37,13.88
ORD-2023-000708,2,PROD-002,1,11.9,11.07
ORD-2023-000708,3,PROD-010,1,38.03,36.81
ORD-2023-000709,1,PROD-015,3,26.76,71.19
ORD-2023-000710,1,PROD-019,2,29.58,39.22
ORD-2023-000710,2,PROD-001,1,12.9,9.37
ORD-2023-000710,3,PROD-027,1,21.13,9.51
ORD-2023-000711,1,PROD-010,2,38.03,73.39
ORD-2023-000712,1,PROD-001,2,12.9,-25.13
ORD-2023-000712,2,PROD-024,2,8.73,
ORD-2023-000713,1,PROD-017,1,12.5,10.2
ORD-2023-000714,1,PROD-034,4,9.01,29.82
ORD-2023-000714,2,PROD-002,3,11.9,32.89
ORD-2023-000715,1,PROD-001,1,12.9,11.35
ORD-2023-000716,1,PROD-005,2,20.28,36.18
ORD-2023-000717,1,PROD-041,3,11.83,35.23
ORD-2023-000718,1,PROD-025,2,21.97,40.31
ORD-2023-000718,2,PROD-013,1,11.9,10.91
ORD-2023-000719,1,PROD-030,2,49.3,97.15
ORD-2023-000719,2,PROD-039,1,8.17,8.05
ORD-2023-000719,3,PROD-032,1,19.72,18.51
ORD-2023-000720,1,PROD-038,1,7.89,5.89
ORD-2023-000721,1,PROD-007,2,17.18,31.19
ORD-2023-000722,1,PROD-004,1,20.28,16.92
ORD-2023-000722,2,PROD-005,1,20.28,19.04
ORD-2023-000722,3,PROD-041,1,11.83,11.32
ORD-2023-000723,1,PROD-006,1,32.39,18.99
ORD-2023-000724,1,PROD-005,3,20.28,53.02
ORD-2023-000724,2,PROD-026,1,14.65,10.61
ORD-2023-000725,1,PROD-016,1,8.9,8.36
ORD-2023-000725,2,PROD-034,1,9.01,8.95
ORD-2023-000726,1,PROD-016,1,8.9,7.25
ORD-2023-000727,1,PROD-003,1,14.37,13.86
ORD-2023-000728,1,PROD-020,1,10.14,8.86
ORD-2023-000729,1,PROD-007,2,17.18,25.41
ORD-2023-000730,1,PROD-003,3,14.37,35.95
ORD-2023-000731,1,PROD-003,2,14.37,24.09
ORD-2023-000732,1,PROD-034,3,9.01,24.92
ORD-2023-000733,1,PROD-011,1,14.9,14.14
ORD-2023-000734,1,PROD-030,1,49.3,43.54
ORD-2023-000734,2,PROD-001,2,12.9,24.07
ORD-2023-000735,1,PROD-041,1,11.83,10.61
ORD-2023-000736,1,PROD-001,2,12.9,22.76
ORD-2023-000737,1,PROD-004,1,20.28,18.39
ORD-2023-000738,1,PROD-027,1,21.13,20.38
ORD-2023-000738,2,PROD-005,1,20.28,19.9
ORD-2023-000738,3,PROD-001,2,12.9,22.51
ORD-2023-000738,4,PROD-035,1,10.14,9.76
ORD-2023-000738,5,PROD-002,1,11.9,11.1
ORD-2023-000739,1,PROD-005,2,20.28,32.41
ORD-2023-000739,2,PROD-006,1,32.39,26.85
ORD-2023-000739,3,PROD-023,1,7.89,4.61
ORD-2023-000740,1,PROD-005,1,20.28,18.71
ORD-2023-000741,1,PROD-004,1,20.28,18.34
ORD-2023-000742,1,PROD-006,1,32.39,31.94
ORD-2023-000742,2,PROD-004,1,20.28,20.04
ORD-2023-000743,1,PROD-011,1,14.9,13.61
ORD-2023-000743,2,PROD-032,1,19.72,17.46
ORD-2023-000744,1,PROD-006,1,32.39,30.51
ORD-2023-000745,1,PROD-006,1,32.39,28.32
ORD-2023-000745,2,PROD-036,3,11.55,32.77
ORD-2023-000746,1,PROD-001,1,12.9,11.97
ORD-2023-000747,1,PROD-032,2,19.72,31.63
ORD-2023-000748,1,PROD-022,1,9.01,8.66
ORD-2023-000748,2,PROD-035,2,10.14,18.57
ORD-2023-000749,1,PROD-004,2,20.28,33.13
ORD-2023-000749,2,PROD-034,2,9.01,15.59
ORD-2023-000749,3,PROD-005,3,20.28,46.76
ORD-2023-000750,1,PROD-007,2,17.18,31.19
ORD-2023-000751,1,PROD-002,2,11.9,23.23
ORD-2023-000751,2,PROD-005,1,20.28,19.77
ORD-2023-000752,1,PROD-021,1,15.49,13.6
ORD-2023-000752,2,PROD-014,2,9.9,17.03
ORD-2023-000752,3,PROD-047,1,108.45,106.45
ORD-2023-000753,1,PROD-001,1,12.9,12.74
ORD-2023-000754,1,PROD-001,2,12.9,18.25
ORD-2023-000754,2,PROD-003,1,14.37,10.37
ORD-2023-000755,1,PROD-017,1,12.5,11.87
ORD-2023-000756,1,PROD-004,1,20.28,19.87
ORD-2023-000757,1,PROD-004,3,20.28,45.54
ORD-2023-000758,1,PROD-004,1,20.28,17.64
ORD-2023-000758,2,PROD-005,2,20.28,36.18
ORD-2023-000759,1,PROD-002,2,11.9,21.64
ORD-2023-000760,1,PROD-002,1,11.9,11.18
ORD-2023-000760,2,PROD-037,1,9.86,8.85
ORD-2023-000760,3,PROD-032,3,19.72,53.59
ORD-2023-000761,1,PROD-004,1,20.28,20.16
ORD-2023-000762,1,PROD-027,2,21.13,39.72
ORD-2023-000763,1,PROD-035,3,10.14,13.69
ORD-2023-000764,1,PROD-010,1,38.03,20.11
ORD-2023-000764,2,PROD-029,1,24.79,16.8
ORD-2023-000765,1,PROD-004,1,20.28,16.54
ORD-2023-000766,1,PROD-013,3,11.9,35.22
ORD-2023-000766,2,PROD-005,2,20.28,37.96
ORD-2023-000766,3,PROD-041,2,11.83,22.88
ORD-2023-000767,1,PROD-037,1,9.86,8.33
ORD-2023-000768,1,PROD-001,3,12.9,27.27
ORD-2023-000769,1,PROD-016,1,8.9,7.79
ORD-2023-000769,2,PROD-001,1,12.9,12.04
ORD-2023-000770,1,PROD-005,1,20.28,17.65
ORD-2023-000771,1,PROD-005,2,20.28,38.43
ORD-2023-000772,1,PROD-005,3,20.28,41.98
ORD-2023-000773,1,PROD-010,1,38.03,34.78
ORD-2023-000774,1,PROD-004,1,20.28,15.11
ORD-2023-000775,1,PROD-004,2,20.28,39.65
ORD-2023-000776,1,PROD-005,1,20.28,16.87
ORD-2023-000777,1,PROD-003,2,14.37,27.51
ORD-2023-000778,1,PROD-014,1,9.9,7.33
ORD-2023-000779,1,PROD-048,1,55.77,32.12
ORD-2023-000779,2,PROD-004,2,20.28,36.42
ORD-2023-000780,1,PROD-038,1,7.89,6.31
ORD-2023-000780,2,PROD-007,1,17.18,13.42
ORD-2023-000780,3,PROD-046,1,259.15,239.25
ORD-2023-000781,1,PROD-004,1,20.28,18.79
ORD-2023-000781,2,PROD-005,1,20.28,19.36
ORD-2023-000782,1,PROD-032,1,19.72,14.34
ORD-2023-000782,2,PROD-022,1,9.01,7.06
ORD-2023-000783,1,PROD-001,1,12.9,12.68
ORD-2023-000784,1,PROD-006,2,32.39,62.01
ORD-2023-000785,1,PROD-002,2,11.9,22.29
ORD-2023-000785,2,PROD-011,1,14.9,13.61
ORD-2023-000786,1,PROD-005,1,20.28,19.64
ORD-2023-000786,2,PROD-017,3,12.5,34.11
ORD-2023-000787,1,PROD-012,1,18.5,14.22
ORD-2023-000787,2,PROD-015,1,26.76,15.74
ORD-2023-000787,3,PROD-005,2,20.28,38.78
ORD-2023-000788,1,PROD-004,1,20.28,12.84
ORD-2023-000789,1,PROD-037,1,9.86,9.8
ORD-2023-000790,1,PROD-004,1,20.28,18.27
ORD-2023-000791,1,PROD-033,1,52.11,51.13
ORD-2023-000791,2,PROD-001,1,12.9,12.66
ORD-2023-000791,3,PROD-013,1,11.9,11.77
ORD-2023-000792,1,PROD-006,3,32.39,84.54
ORD-2023-000792,2,PROD-036,1,11.55,11.39
ORD-2023-000793,1,PROD-044,1,40.85,39.26
ORD-2023-000794,1,PROD-023,2,7.89,10.38
ORD-2023-000795,1,PROD-006,1,32.39,29.77
ORD-2023-000796,1,PROD-010,2,38.03,74.06
ORD-2023-000796,2,PROD-036,4,11.55,43.71
ORD-2023-000796,3,PROD-003,3,14.37,35.93
ORD-2023-000797,1,PROD-027,1,21.13,17.23
ORD-2023-000797,2,PROD-002,1,11.9,6.97
ORD-2023-000797,3,PROD-006,1,32.39,28.23
ORD-2023-000797,4,PROD-035,1,10.14,-6.96
ORD-2023-000797,5,PROD-011,2,14.9,23.96
ORD-2023-000798,1,PROD-001,2,12.9,23.09
ORD-2023-000798,2,PROD-039,4,8.17,28.09
ORD-2023-000799,1,PROD-035,1,10.14,9.44
ORD-2023-000800,1,PROD-021,2,15.49,30.6
ORD-2023-000801,1,PROD-004,1,20.28,13.92
ORD-2023-000801,2,PROD-008,1,9.9,8.85
ORD-2023-000802,1,PROD-030,1,49.3,40.93
ORD-2023-000803,1,PROD-012,1,18.5,14.96
ORD-2023-000804,1,PROD-038,1,7.89,7.29
ORD-2023-000804,2,PROD-004,1,20.28,19.05
ORD-2023-000805,1,PROD-026,1,14.65,10.1
ORD-2023-000805,2,PROD-046,1,259.15,172.39
ORD-2023-000806,1,PROD-003,1,14.37,11.63
ORD-2023-000807,1,PROD-020,1,10.14,9.42
ORD-2023-000808,1,PROD-006,2,32.39,55.23
ORD-2023-000808,2,PROD-003,1,14.37,13.39
ORD-2023-000809,1,PROD-008,1,9.9,9.46
ORD-2023-000810,1,PROD-029,1,24.79,23.24
ORD-2023-000811,1,PROD-007,1,17.18,16.02
ORD-2023-000812,1,PROD-014,1,9.9,9.02
ORD-2023-000813,1,PROD-029,1,24.79,-21.12
ORD-2023-000814,1,PROD-005,3,20.28,58.44
ORD-2023-000815,1,PROD-004,2,20.28,39.84
ORD-2023-000815,2,PROD-020,1,10.14,9.96
ORD-2023-000815,3,PROD-023,2,7.89,15.48
ORD-2023-000815,4,PROD-002,2,11.9,23.15
ORD-2023-000816,1,PROD-017,1,12.5,11.27
ORD-2023-000816,2,PROD-049,1,80.28,64.5
ORD-2023-000816,3,PROD-005,1,20.28,13.61
ORD-2023-000817,1,PROD-001,1,12.9,12.33
ORD-2023-000817,2,PROD-034,3,9.01,24.7
ORD-2023-000817,3,PROD-028,1,17.18,16.17
ORD-2023-000818,1,PROD-015,3,26.76,75.58
ORD-2023-000818,2,PROD-019,1,29.58,27.57
ORD-2023-000818,3,PROD-049,1,80.28,74.36
ORD-2023-000818,4,PROD-035,3,10.14,26.26
ORD-2023-000818,5,PROD-024,1,8.73,8.51
ORD-2023-000819,1,PROD-005,1,20.28,15.82
ORD-2023-000820,1,PROD-003,1,14.37,12.13
ORD-2023-000821,1,PROD-004,3,20.28,49.02
ORD-2023-000821,2,PROD-041,2,11.83,22.27
ORD-2023-000821,3,PROD-016,1,8.9,7.7
ORD-2023-000822,1,PROD-034,1,9.01,4.05
ORD-2023-000822,2,PROD-004,1,20.28,15.78
ORD-2023-000822,3,PROD-045,1,72.68,36.06
ORD-2023-000823,1,PROD-020,1,10.14,8.17
ORD-2023-000823,2,PROD-037,1,9.86,7.92
ORD-2023-000823,3,PROD-022,2,9.01,10.63
ORD-2023-000824,1,PROD-004,1,20.28,18.69
ORD-2023-000824,2,PROD-002,2,11.9,23.66
ORD-2023-000824,3,PROD-028,1,17.18,15.03
ORD-2023-000824,4,PROD-001,2,12.9,21.39
ORD-2023-000825,1,PROD-034,4,9.01,33.7
ORD-2023-000825,2,PROD-016,2,8.9,14.75
ORD-2023-000826,1,PROD-005,2,20.28,36.07
ORD-2023-000827,1,PROD-007,1,17.18,12.13
ORD-2023-000827,2,PROD-022,1,9.01,6.84
ORD-2023-000828,1,PROD-004,1,20.28,14.89
ORD-2023-000829,1,PROD-003,2,14.37,24.37
ORD-2023-000830,1,PROD-039,2,8.17,15.78
ORD-2023-000831,1,PROD-005,1,20.28,19.64
ORD-2023-000831,2,PROD-022,2,9.01,17.0
ORD-2023-000831,3,PROD-047,1,108.45,96.44
ORD-2023-000831,4,PROD-001,3,12.9,36.15
ORD-2023-000832,1,PROD-004,2,20.28,39.55
ORD-2023-000833,1,PROD-039,2,8.17,16.0
ORD-2023-000834,1,PROD-005,2,20.28,38.63
ORD-2023-000835,1,PROD-049,1,80.28,48.98
ORD-2023-000835,2,PROD-006,2,32.39,57.69
ORD-2023-000836,1,PROD-005,3,20.28,59.45
ORD-2023-000836,2,PROD-035,1,10.14,9.44
ORD-2023-000836,3,PROD-023,1,7.89,7.66
ORD-2023-000837,1,PROD-006,3,32.39,76.76
ORD-2023-000837,2, PROD-035 ,4,10.14,39.92
ORD-2023-000837,3,PROD-056,1,101.41,92.55
ORD-2023-000838,1,PROD-002,1,11.9,11.5
ORD-2023-000838,2,PROD-006,1,32.39,30.88
ORD-2023-000838,3,PROD-004,2,20.28,40.47
ORD-2023-000839,1,PROD-004,2,20.28,28.13
ORD-2023-000839,2,PROD-005,2,20.28,34.36
ORD-2023-000839,3,PROD-034,1,9.01,6.11
ORD-2023-000840,1,PROD-029,1,24.79,20.49
ORD-2023-000841,1,PROD-005,2,20.28,33.35
ORD-2023-000841,2,PROD-001,1,12.9,11.67
ORD-2023-000842,1,PROD-006,2,32.39,63.0
ORD-2023-000842,2,PROD-003,1,14.37,12.46
ORD-2023-000843,1,PROD-013,1,11.9,10.48
ORD-2023-000844,1,PROD-029,1,24.79,23.72
ORD-2023-000844,2,PROD-007,3,17.18,40.39
ORD-2023-000845,1,PROD-001,3,12.9,35.98
ORD-2023-000845,2,PROD-032,1,19.72,19.47
ORD-2023-000845,3,PROD-041,2,11.83,19.51
ORD-2023-000846,1,PROD-042,1,73.24,65.74
ORD-2023-000846,2,PROD-013,2,11.9,18.8
ORD-2023-000847,1,PROD-041,1,11.83,10.13
ORD-2023-000847,2,PROD-001,3,12.9,31.63
ORD-2023-000847,3,PROD-040,2,15.21,22.42
ORD-2023-000848,1,PROD-004,1,20.28,19.83
ORD-2023-000849,1,PROD-038,1,7.89,7.34
ORD-2023-000850,1,PROD-008,2,9.9,17.9
ORD-2023-000851,1,PROD-006,2,32.39,60.55
ORD-2023-000852,1,PROD-029,1,24.79,0.0
ORD-2023-000853,1,PROD-003,2,14.37,28.04
ORD-2023-000854,1,PROD-007,1,17.18,16.45
ORD-2023-000855,1,PROD-038,2,7.89,14.88
ORD-2023-000855,2,PROD-005,2,20.28,40.24
ORD-2023-000855,3,PROD-001,2,12.9,24.7
ORD-2023-000856,1,PROD-001,2,12.9,24.5
ORD-2023-000857,1,PROD-004,3,20.28,57.54
ORD-2023-000858,1,PROD-010,1,38.03,37.11
ORD-2023-000858,2,PROD-030,1,49.3,43.36
ORD-2023-000859,1,PROD-007,2,17.18,26.01
ORD-2023-000859,2,PROD-021,1,15.49,12.25
ORD-2023-000860,1,PROD-036,4,11.55,44.45
ORD-2023-000861,1,PROD-005,2,20.28,36.54
ORD-2023-000861,2,PROD-004,1,20.28,16.84
ORD-2023-000862,1,PROD-037,1,9.86,8.26
ORD-2023-000863,1,PROD-002,3,11.9,35.1
ORD-2023-000864,1,PROD-002,1,11.9,11.41
ORD-2023-000864,2,PROD-034,1,9.01,8.55
ORD-2023-000865,1,PROD-025,2,21.97,33.91
ORD-2023-000866,1,PROD-002,3,11.9,30.23
ORD-2023-000866,2,PROD-020,1,10.14,8.6
ORD-2023-000866,3,PROD-034,2,9.01,14.97
ORD-2023-000867,1,PROD-039,1,8.17,5.7
ORD-2023-000867,2,PROD-041,3,11.83,23.15
ORD-2023-000868,1,PROD-017,1,12.5,12.12
ORD-2023-000869,1,PROD-004,1,20.28,18.86
ORD-2023-000870,1,PROD-005,2,20.28,31.42
ORD-2023-000870,2,PROD-001,1,12.9,11.75
ORD-2023-000870,3,PROD-012,2,18.5,31.09
ORD-2023-000871,1,PROD-012,2,18.5,35.19
ORD-2023-000872,1,PROD-039,2,8.17,13.22
ORD-2023-000872,2,PROD-002,1,11.9,11.28
ORD-2023-000873,1,PROD-007,1,17.18,16.7
ORD-2023-000873,2,PROD-041,2,11.83,23.13
ORD-2023-000873,3,PROD-002,1,11.9,11.06
ORD-2023-000873,4,PROD-005,1,20.28,19.22
ORD-2023-000873,5,PROD-006,1,32.39,31.13
ORD-2023-000874,1,PROD-010,1,38.03,36.12
ORD-2023-000875,1,PROD-003,1,14.37,13.66
ORD-2023-000875,2,PROD-005,3,20.28,59.6
ORD-2023-000875,3,PROD-006,2,32.39,52.73
ORD-2023-000876,1,PROD-037,1,9.86,8.96
ORD-2023-000876,2,PROD-041,1,11.83,11.28
ORD-2023-000876,3,PROD-020,2,10.14,16.99
ORD-2023-000876,4,PROD-008,1,9.9,7.99
ORD-2023-000877,1,PROD-022,1,9.01,5.77
ORD-2023-000878,1,PROD-005,1,20.28,18.64
ORD-2023-000879,1,PROD-006,1,32.39,29.92
ORD-2023-000879,2,PROD-041,3,11.83,31.98
ORD-2023-000880,1,PROD-030,1,49.3,48.31
ORD-2023-000881,1,PROD-034,1,9.01,7.96
ORD-2023-000882,1,PROD-007,1,17.18,10.88
ORD-2023-000883,1,PROD-028,2,17.18,32.32
ORD-2023-000883,2,PROD-032,1,19.72,17.24
ORD-2023-000883,3,PROD-034,3,9.01,21.66
ORD-2023-000884,1,PROD-038,3,7.89,21.13
ORD-2023-000885,1,PROD-007,1,17.18,15.75
ORD-2023-000886,1,PROD-016,1,8.9,8.71
ORD-2023-000886,2,PROD-007,1,17.18,16.26
ORD-2023-000887,1,PROD-006,2,32.39,64.54
ORD-2023-000888,1,PROD-034,1,9.01,8.21
ORD-2023-000888,2,PROD-008,2,9.9,17.21
ORD-2023-000888,3,PROD-006,1,32.39,29.19
ORD-2023-000889,1,PROD-035,1,10.14,6.27
ORD-2023-000889,2,PROD-008,1,9.9,6.64
ORD-2023-000890,1,PROD-052,1,46.48,36.41
ORD-2023-000890,2,PROD-027,2,21.13,26.15
ORD-2023-000891,1,PROD-006,1,32.39,30.93
ORD-2023-000892,1,PROD-003,2,14.37,24.21
ORD-2023-000892,2,PROD-052,1,46.48,43.25
ORD-2023-000893,1,PROD-004,1,20.28,17.29
ORD-2023-000894,1,PROD-001,2,12.9,19.99
ORD-2023-000894,2,PROD-005,2,20.28,31.81
ORD-2023-000894,3,PROD-002,3,11.9,28.32
ORD-2023-000895,1,PROD-008,2,9.9,15.76
ORD-2023-000895,2,PROD-024,1,8.73,8.14
ORD-2023-000896,1,PROD-041,1,11.83,7.97
ORD-2023-000896,2,PROD-034,2,9.01,17.09
ORD-2023-000896,3,PROD-004,1,20.28,17.23
ORD-2023-000897,1,PROD-025,1,21.97,17.52
ORD-2023-000898,1,PROD-014,1,9.9,9.5
ORD-2023-000899,1,PROD-003,1,14.37,13.7
ORD-2023-000899,2,PROD-006,1,32.39,32.37
ORD-2023-000899,3,PROD-001,1,12.9,12.59
ORD-2023-000900,1,PROD-005,1,20.28,19.39
ORD-2023-000900,2,PROD-035,3,10.14,21.88
ORD-2023-000900,3,PROD-034,1,9.01,7.74
ORD-2023-000901,1,PROD-037,2,9.86,17.27
ORD-2023-000901,2,PROD-002,1,11.9,11.67
ORD-2023-000901,3,PROD-004,1,20.28,18.47
ORD-2023-000901,4,PROD-006,1,32.39,29.45
ORD-2023-000902,1,PROD-052,1,46.48,40.99
ORD-2023-000902,2,PROD-004,2,20.28,38.27
ORD-2023-000903,1,PROD-010,1,38.03,24.54
ORD-2023-000904,1,PROD-010,3,38.03,110.23
ORD-2023-000905,1,PROD-023,1,7.89,7.42
ORD-2023-000905,2,PROD-005,1,20.28,17.81
ORD-2023-000905,3,PROD-040,1,15.21,13.88
ORD-2023-000906,1,PROD-007,1,17.18,15.46
ORD-2023-000906,2,PROD-005,2,20.28,39.28
ORD-2023-000907,1,PROD-022,1,9.01,8.14
ORD-2023-000908,1,PROD-006,2,32.39,62.95
ORD-2023-000909,1,PROD-022,1,9.01,5.86
ORD-2023-000910,1,PROD-006,1,32.39,27.7
ORD-2023-000911,1,PROD-007,2,17.18,30.29
ORD-2023-000911,2,PROD-008,2,9.9,15.08
ORD-2023-000912,1,PROD-048,1,55.77,45.83
ORD-2023-000913,1,PROD-022,1,9.01,7.09
ORD-2023-000913,2,PROD-020,1,10.14,9.13
ORD-2023-000914,1,PROD-005,1,20.28,16.35
ORD-2023-000914,2,PROD-034,1,9.01,8.67
ORD-2023-000915,1,PROD-008,2,9.9,15.52
ORD-2023-000916,1,PROD-005,1,20.28,19.61
ORD-2023-000917,1,PROD-039,1,8.17,7.21
ORD-2023-000918,1,PROD-002,1,11.9,9.88
ORD-2023-000919,1,PROD-003,1,14.37,7.02
ORD-2023-000920,1,PROD-008,1,9.9,8.26
ORD-2023-000921,1,PROD-004,3,20.28,53.98
ORD-2023-000921,2,PROD-003,2,14.37,26.64
ORD-2023-000921,3,PROD-008,1,9.9,8.35
ORD-2023-000922,1,PROD-035,1,10.14,9.91
ORD-2023-000922,2,PROD-001,1,12.9,12.3
ORD-2023-000923,1,PROD-004,1,20.28,17.8
ORD-2023-000924,1,PROD-005,3,20.28,55.85
ORD-2023-000924,2,PROD-008,1,9.9,9.31
ORD-2023-000925,1,PROD-007,1,17.18,10.05
ORD-2023-000926,1,PROD-004,1,20.28,17.81
ORD-2023-000927,1,PROD-021,1,15.49,13.33
ORD-2023-000927,2,PROD-029,1,24.79,19.61
ORD-2023-000927,3,PROD-047,1,108.45,105.17
ORD-2023-000928,1,PROD-035,1,10.14,10.05
ORD-2023-000928,2,PROD-032,1,19.72,17.43
ORD-2023-000928,3,PROD-005,1,20.28,19.87
ORD-2023-000929,1,PROD-001,1,12.9,11.62
ORD-2023-000929,2,PROD-007,1,17.18,15.59
ORD-2023-000929,3,PROD-036,2,11.55,19.72
ORD-2023-000930,1,PROD-001,1,12.9,12.67
ORD-2023-000930,2,PROD-017,1,12.5,12.18
ORD-2023-000931,1,PROD-039,1,8.17,6.28
ORD-2023-000931,2,PROD-001,1,12.9,10.09
ORD-2023-000932,1,PROD-014,3,9.9,26.02
ORD-2023-000932,2,PROD-006,1,32.39,27.71
ORD-2023-000933,1,PROD-034,1,9.01,8.96
ORD-2023-000933,2,PROD-002,3,11.9,34.88
ORD-2023-000934,1,PROD-001,1,12.9,12.74
ORD-2023-000934,2,PROD-035,2,10.14,19.37
ORD-2023-000935,1,PROD-002,2,11.9,23.64
ORD-2023-000936,1,PROD-005,2,20.28,25.46
ORD-2023-000936,2,PROD-022,1,9.01,7.74
ORD-2023-000937,1,PROD-005,2,20.28,38.64
ORD-2023-000937,2,PROD-034,1,9.01,6.29
ORD-2023-000938,1,PROD-042,3,73.24,216.89
ORD-2023-000939,1,PROD-034,2,9.01,17.09
ORD-2023-000940,1,PROD-003,2,14.37,27.81
ORD-2023-000941,1,PROD-030,2,49.3,82.64
ORD-2023-000941,2,PROD-024,2,8.73,14.1
ORD-2023-000941,3,PROD-042,1,73.24,58.7
ORD-2023-000941,4,PROD-004,1,20.28,18.66
ORD-2023-000942,1,PROD-028,2,17.18,33.34
ORD-2023-000942,2,PROD-038,2,7.89,14.57
ORD-2023-000942,3,PROD-037,3,9.86,26.54
ORD-2023-000943,1,PROD-002,2,11.9,-21.26
ORD-2023-000944,1,PROD-002,1,11.9,11.33
ORD-2023-000945,1,PROD-040,1,15.21,14.09
ORD-2023-000946,1,PROD-038,2,7.89,8.81
ORD-2023-000946,2,PROD-015,2,26.76,46.15
ORD-2023-000947,1,PROD-004,1,20.28,18.57
ORD-2023-000947,2,PROD-035,2,10.14,18.0
ORD-2023-000947,3,PROD-034,1,9.01,7.91
ORD-2023-000948,1,PROD-003,1,14.37,6.47
ORD-2023-000949,1,PROD-002,2,11.9,22.62
ORD-2023-000949,2,PROD-035,3,10.14,28.54
ORD-2023-000949,3,PROD-031,1,53.52,50.58
ORD-2023-000950,1,PROD-033,2,52.11,92.26
ORD-2023-000951,1,PROD-001,1,12.9,12.32
ORD-2023-000952,1,PROD-020,2,10.14,17.68
ORD-2023-000953,1,PROD-006,1,32.39,25.88
ORD-2023-000954,1,PROD-041,1,11.83,10.9
ORD-2023-000955,1,PROD-003,2,14.37,25.82
ORD-2023-000955,2,PROD-035,3,10.14,29.5
ORD-2023-000955,3,PROD-005,3,20.28,58.21
ORD-2023-000956,1,PROD-005,3,20.28,53.43
ORD-2023-000957,1,PROD-006,1,32.39,30.89
ORD-2023-000957,2,PROD-007,1,17.18,16.29
ORD-2023-000957,3,PROD-002,2,11.9,22.61
ORD-2023-000958,1,PROD-001,1,12.9,10.97
ORD-2023-000959,1,PROD-003,1,14.37,10.9
ORD-2023-000959,2,PROD-047,1,108.45,102.34
ORD-2023-000960,1,PROD-036,2,11.55,21.82
ORD-2023-000960,2,PROD-007,2,17.18,25.63
ORD-2023-000961,1,PROD-024,1,8.73,7.06
ORD-2023-000962,1,PROD-012,3,18.5,27.3
ORD-2023-000963,1,PROD-001,1,12.9,11.53
ORD-2023-000963,2,PROD-004,1,20.28,19.31
ORD-2023-000964,1,PROD-048,1,55.77,51.79
ORD-2023-000965,1,PROD-006,2,32.39,58.72
ORD-2023-000966,1,PROD-041,2,11.83,21.49
ORD-2023-000967,1,PROD-028,1,17.18,16.94
ORD-2023-000967,2,PROD-023,1,7.89,7.68
ORD-2023-000967,3,PROD-030,1,49.3,48.25
ORD-2023-000968,1,PROD-033,2,52.11,103.87
ORD-2023-000969,1,PROD-005,1,20.28,18.7
ORD-2023-000969,2,PROD-004,1,20.28,17.76
ORD-2023-000969,3,PROD-007,2,17.18,27.56
ORD-2023-000970,1,PROD-022,2,9.01,12.87
ORD-2023-000970,2,PROD-027,1,21.13,16.02
ORD-2023-000971,1,PROD-012,1,18.5,16.03
ORD-2023-000972,1,PROD-037,1,9.86,8.27
ORD-2023-000972,2,PROD-004,1,20.28,14.69
ORD-2023-000973,1,PROD-051,1,36.06,34.6
ORD-2023-000973,2,PROD-005,1,20.28,19.96
ORD-2023-000974,1,PROD-023,1,7.89,7.16
ORD-2023-000974,2,PROD-020,2,10.14,19.76
ORD-2023-000974,3,PROD-003,1,14.37,10.08
ORD-2023-000975,1,PROD-040,1,15.21,14.43
ORD-2023-000976,1,PROD-001,1,12.9,10.66
ORD-2023-000976,2,PROD-004,1,20.28,17.27
ORD-2023-000977,1,PROD-040,3,15.21,41.92
ORD-2023-000978,1,PROD-024,1,8.73,6.84
ORD-2023-000979,1,PROD-002,3,11.9,33.48
ORD-2023-000979,2,PROD-053,1,53.52,51.54
ORD-2023-000979,3,PROD-026,2,14.65,27.45
ORD-2023-000979,4,PROD-036,1,11.55,11.34
ORD-2023-000980,1,PROD-005,1,20.28,19.83
ORD-2023-000981,1,PROD-007,2,17.18,34.05
ORD-2023-000981,2,PROD-002,1,11.9,11.83
ORD-2023-000982,1,PROD-005,2,20.28,39.28
ORD-2023-000982,2,PROD-034,4,9.01,35.5
ORD-2023-000982,3,PROD-040,1,15.21,14.61
ORD-2023-000983,1,PROD-027,1,21.13,18.83
ORD-2023-000984,1,PROD-022,2,9.01,17.7
ORD-2023-000985,1,PROD-050,1,61.97,60.9
ORD-2023-000985,2,PROD-021,1,15.49,13.03
ORD-2023-000986,1,PROD-054,1,59.15,43.42
ORD-2023-000986,2,PROD-041,1,11.83,8.95
ORD-2023-000987,1,PROD-002,1,11.9,10.47
ORD-2023-000987,2,PROD-040,1,15.21,13.79
ORD-2023-000987,3,PROD-022,1,9.01,8.33
ORD-2023-000988,1,PROD-005,1,20.28,18.77
ORD-2023-000988,2,PROD-010,1,38.03,35.44
ORD-2023-000989,1,PROD-010,2,38.03,70.85
ORD-2023-000989,2,PROD-002,3,11.9,34.43
ORD-2023-000990,1,PROD-039,1,8.17,7.66
ORD-2023-000991,1,PROD-004,1,20.28,13.2
ORD-2023-000992,1,PROD-005,1,20.28,18.58
ORD-2023-000992,2,PROD-013,3,11.9,33.84
ORD-2023-000993,1,PROD-003,3,14.37,-41.4
ORD-2023-000994,1,PROD-053,1,53.52,41.4
ORD-2023-000995,1,PROD-021,1,15.49,10.6
ORD-2023-000996,1,PROD-016,1,8.9,4.45
ORD-2023-000996,2,PROD-001,2,12.9,18.07
ORD-2023-000997,1,PROD-001,1,12.9,11.59
ORD-2023-000998,1,PROD-011,1,14.9,12.2
ORD-2023-000998,2,PROD-010,1,38.03,30.76
ORD-2023-000998,3,PROD-040,1,15.21,10.35
ORD-2023-000999,1,PROD-002,2,11.9,18.3
ORD-2023-001000,1,PROD-029,2,24.79,36.15
ORD-2023-001001,1,PROD-006,1,32.39,25.66
ORD-2023-001001,2,PROD-001,1,12.9,10.6
ORD-2023-001002,1,PROD-029,2,24.79,49.43
ORD-2023-001002,2,PROD-001,1,12.9,12.72
ORD-2023-001003,1,PROD-017,2,12.5,23.16
ORD-2023-001004,1,PROD-027,1,21.13,17.73
ORD-2023-001005,1,PROD-002,3,11.9,31.34
ORD-2023-001006,1,PROD-015,1,26.76,12.04
ORD-2023-001006,2,PROD-039,1,8.17,3.68
ORD-2023-001007,1,PROD-014,1,9.9,8.7
ORD-2023-001008,1,PROD-005,2,20.28,39.02
ORD-2023-001008,2,PROD-036,1,11.55,10.46
ORD-2023-001008,3,PROD-004,2,20.28,31.37
ORD-2023-001009,1,PROD-031,1,53.52,34.65
ORD-2023-001010,1,PROD-028,1,17.18,11.37
ORD-2023-001010,2,PROD-010,1,38.03,25.65
ORD-2023-001010,3,PROD-022,1,9.01,6.8
ORD-2023-001011,1,PROD-041,3,11.83,28.38
ORD-2023-001011,2,PROD-005,2,20.28,36.32
ORD-2023-001012,1,PROD-045,2,72.68,141.97
ORD-2023-001012,2,PROD-012,1,18.5,17.54
ORD-2023-001013,1,PROD-035,1,10.14,7.47
ORD-2023-001014,1,PROD-016,1,8.9,7.61
ORD-2023-001015,1,PROD-006,2,32.39,61.22
ORD-2023-001016,1,PROD-034,1,9.01,8.37
ORD-2023-001016,2,PROD-023,1,7.89,7.58
ORD-2023-001017,1,PROD-041,1,11.83,10.73
ORD-2023-001018,1,PROD-054,1,59.15,55.29
ORD-2023-001019,1,PROD-002,2,11.9,16.5
ORD-2023-001020,1,PROD-041,1,11.83,10.35
ORD-2023-001020,2,PROD-003,2,14.37,23.69
ORD-2023-001020,3,PROD-042,2,73.24,121.15
ORD-2023-001020,4,PROD-006,3,32.39,86.32
ORD-2023-001021,1,PROD-020,1,10.14,9.39
ORD-2023-001021,2,PROD-005,1,20.28,14.78
ORD-2023-001021,3,PROD-041,1,11.83,10.12
ORD-2023-001022,1,PROD-034,4,9.01,16.22
ORD-2023-001023,1,PROD-007,1,17.18,17.1
ORD-2023-001023,2,PROD-005,1,20.28,19.48
ORD-2023-001023,3,PROD-024,2,8.73,16.17
ORD-2023-001024,1,PROD-026,1,14.65,6.69
ORD-2023-001025,1,PROD-044,1,40.85,35.4
 ORD-2023-001026 ,1,PROD-012,1,18.5,16.24
ORD-2023-001026,2,PROD-027,1,21.13,19.16
ORD-2023-001027,1,PROD-050,1,61.97,60.07
ORD-2023-001027,2,PROD-022,1,9.01,8.55
ORD-2023-001028,1,PROD-008,2,9.9,19.22
ORD-2023-001029,1,PROD-038,3,7.89,18.2
ORD-2023-001030,1,PROD-007,1,17.18,16.25
ORD-2023-001031,1,PROD-041,1,11.83,9.81
ORD-2023-001032,1,PROD-030,2,49.3,64.33
ORD-2023-001033,1,PROD-039,1,8.17,7.65
ORD-2023-001034,1,PROD-007,1,17.18,16.56
ORD-2023-001035,1,PROD-010,2,38.03,68.44
ORD-2023-001036,1,PROD-016,3,8.9,19.95
ORD-2023-001037,1,PROD-007,1,17.18,8.39
ORD-2023-001037,2,PROD-004,2,20.28,34.09
ORD-2023-001037,3,PROD-035,1,10.14,4.56
ORD-2023-001038,1,PROD-006,2,32.39,60.15
ORD-2023-001038,2,PROD-001,1,12.9,12.16
ORD-2023-001039,1,PROD-005,1,20.28,19.93
ORD-2023-001040,1,PROD-020,2,10.14,16.84
ORD-2023-001041,1,PROD-041,2,11.83,22.53
ORD-2023-001041,2,PROD-036,2,11.55,21.23
ORD-2023-001042,1,PROD-010,2,38.03,68.53
ORD-2023-001042,2,PROD-001,1,12.9,12.31
ORD-2023-001043,1,PROD-035,1,10.14,9.47
ORD-2023-001043,2,PROD-001,3,12.9,38.31
ORD-2023-001044,1,PROD-017,3,12.5,34.7
ORD-2023-001044,2,PROD-034,2,9.01,14.61
ORD-2023-001045,1,PROD-017,1,12.5,10.72
ORD-2023-001046,1,PROD-035,2,10.14,18.89
ORD-2023-001046,2,PROD-022,1,9.01,8.23
ORD-2023-001047,1,PROD-011,3,14.9,40.0
ORD-2023-001048,1,PROD-001,1,12.9,12.1
ORD-2023-001048,2,PROD-034,4,9.01,33.24
ORD-2023-001049,1,PROD-001,1,12.9,12.45
ORD-2023-001050,1,PROD-055,1,74.65,73.25
ORD-2023-001051,1,PROD-039,1,8.17,5.49
ORD-2023-001052,1,PROD-023,1,7.89,7.51
ORD-2023-001053,1,PROD-006,1,32.39,21.92
ORD-2023-001053,2,PROD-005,2,20.28,36.58
ORD-2023-001053,3,PROD-026,2,14.65,23.83
ORD-2023-001054,1,PROD-007,3,17.18,41.62
ORD-2023-001055,1,PROD-006,2,32.39,34.13
ORD-2023-001056,1,PROD-020,1,10.14,9.82
ORD-2023-001056,2,PROD-028,2,17.18,33.19
ORD-2023-001056,3,PROD-035,1,10.14,9.3
ORD-2023-001056,4,PROD-040,1,15.21,12.93
ORD-2023-001057,1,PROD-006,3,32.39,74.73
ORD-2023-001057,2,PROD-005,2,20.28,18.25
ORD-2023-001058,1,PROD-001,1,12.9,8.8
ORD-2023-001059,1,PROD-021,2,15.49,17.36
ORD-2023-001060,1,PROD-012,1,18.5,15.07
ORD-2023-001060,2,PROD-001,2,12.9,25.74
ORD-2023-001061,1,PROD-006,2,32.39,60.72
ORD-2023-001062,1,PROD-029,1,24.79,16.62
ORD-2023-001063,1,PROD-008,2,9.9,18.96
ORD-2023-001064,1,PROD-025,1,21.97,14.88
ORD-2023-001064,2,PROD-017,2,12.5,24.15
ORD-2023-001064,3,PROD-005,1,20.28,18.32
ORD-2023-001065,1,PROD-007,3,17.18,48.16
ORD-2023-001065,2,PROD-002,1,11.9,11.13
ORD-2023-001065,3,PROD-001,2,12.9,23.49
ORD-2023-001066,1,PROD-006,1,32.39,31.97
ORD-2023-001066,2,PROD-040,2,15.21,30.26
ORD-2023-001066,3,PROD-034,1,9.01,8.36
ORD-2023-001067,1,PROD-013,1,11.9,8.32
ORD-2023-001068,1,PROD-042,2,73.24,132.81
ORD-2023-001068,2,PROD-006,1,32.39,29.98
ORD-2023-001069,1,PROD-005,2,20.28,38.81
ORD-2023-001070,1,PROD-029,1,24.79,23.59
ORD-2023-001071,1,PROD-006,1,32.39,22.81
ORD-2023-001072,1,PROD-050,1,61.97,-27.89
ORD-2023-001073,1,PROD-002,3,11.9,26.2
ORD-2023-001074,1,PROD-008,1,9.9,9.65
ORD-2023-001074,2,PROD-003,1,14.37,13.96
ORD-2023-001075,1,PROD-054,1,59.15,56.89
ORD-2023-001076,1,PROD-041,2,11.83,16.6
ORD-2023-001076,2,PROD-011,1,14.9,11.5
ORD-2023-001076,3,PROD-014,2,9.9,15.76
ORD-2023-001077,1,PROD-001,1,12.9,11.66
ORD-2023-001078,1,PROD-029,1,24.79,21.41
ORD-2023-001078,2,PROD-004,1,20.28,20.07
ORD-2023-001078,3,PROD-031,1,53.52,49.24
ORD-2023-001079,1,PROD-021,2,15.49,26.72
ORD-2023-001080,1,PROD-004,1,20.28,10.02
ORD-2023-001081,1,PROD-006,2,32.39,55.04
ORD-2023-001082,1,PROD-054,1,59.15,51.01
ORD-2023-001083,1,PROD-021,1,15.49,-14.96
ORD-2023-001083,2,PROD-006,1,32.39,30.65
ORD-2023-001083,3,PROD-034,1,9.01,8.73
ORD-2023-001084,1,PROD-004,2,20.28,39.01
ORD-2023-001084,2,PROD-034,1,9.01,6.58
ORD-2023-001084,3,PROD-006,1,32.39,29.25
ORD-2023-001085,1,PROD-024,1,8.73,7.95
ORD-2023-001085,2,PROD-012,2,18.5,31.06
ORD-2023-001086,1,PROD-023,1,7.89,7.59
ORD-2023-001087,1,PROD-013,1,11.9,8.78
ORD-2023-001087,2,PROD-032,1,19.72,12.89
ORD-2023-001088,1,PROD-048,2,55.77,107.99
ORD-2023-001089,1,PROD-011,1,14.9,11.58
ORD-2023-001090,1,PROD-011,2,14.9,21.94
ORD-2023-001090,2,PROD-023,1,7.89,7.1
ORD-2023-001090,3,PROD-036,2,11.55,16.02
ORD-2023-001090,4,PROD-037,1,9.86,7.95
ORD-2023-001091,1,PROD-026,1,14.65,11.74
ORD-2023-001092,1,PROD-044,1,40.85,39.98
ORD-2023-001092,2,PROD-054,1,59.15,56.68
ORD-2023-001093,1,PROD-022,1,9.01,8.03
ORD-2023-001093,2,PROD-027,1,21.13,18.91
ORD-2023-001093,3,PROD-003,2,14.37,25.39
ORD-2023-001094,1,PROD-041,1,11.83,11.54
ORD-2023-001095,1,PROD-005,1,20.28,16.26
ORD-2023-001095,2,PROD-033,3,52.11,131.44
ORD-2023-001096,1,PROD-036,2,11.55,19.2
ORD-2023-001097,1,PROD-004,3,20.28,60.3
ORD-2023-001098,1,PROD-034,1,9.01,8.73
ORD-2023-001099,1,PROD-004,1,20.28,19.04
ORD-2023-001100,1,PROD-003,1,14.37,13.0
ORD-2023-001101,1,PROD-041,2,11.83,22.86
ORD-2023-001101,2,PROD-014,1,9.9,9.74
ORD-2023-001102,1,PROD-025,2,21.97,26.5
ORD-2023-001103,1,PROD-020,2,10.14,17.08
ORD-2023-001104,1,PROD-032,1,19.72,16.52
ORD-2023-001104,2,PROD-040,2,15.21,16.47
ORD-2023-001104,3,PROD-035,1,10.14,6.24
ORD-2023-001105,1,PROD-005,1,20.28,18.23
ORD-2023-001105,2,PROD-034,1,9.01,8.86
ORD-2023-001106,1,PROD-005,1,20.28,18.96
ORD-2023-001107,1,PROD-035,1,10.14,9.35
ORD-2023-001107,2,PROD-028,1,17.18,14.56
ORD-2023-001107,3,PROD-034,2,9.01,14.82
ORD-2023-001108,1,PROD-056,1,101.41,90.2
ORD-2023-001109,1,PROD-035,1,10.14,8.11
ORD-2023-001110,1,PROD-001,2,12.9,22.41
ORD-2023-001111,1,PROD-020,1,10.14,8.72
ORD-2023-001111,2,PROD-004,2,20.28,26.12
ORD-2023-001111,3,PROD-002,3,11.9,31.8
ORD-2023-001111,4,PROD-013,1,11.9,10.23
ORD-2023-001112,1,PROD-004,1,20.28,18.16
ORD-2023-001113,1,PROD-035,2,10.14,18.2
ORD-2023-001114,1,PROD-028,2,17.18,15.46
ORD-2023-001114,2,PROD-012,1,18.5,17.48
ORD-2023-001115,1,PROD-044,1,40.85,-37.41
ORD-2023-001115,2,PROD-002,1,11.9,11.7
ORD-2023-001116,1,PROD-041,3,11.83,30.82
ORD-2023-001116,2,PROD-005,1,20.28,15.67
ORD-2023-001117,1,PROD-038,1,7.89,6.87
ORD-2023-001117,2,PROD-033,2,52.11,91.03
ORD-2023-001118,1,PROD-026,2,14.65,26.65
ORD-2023-001118,2,PROD-040,2,15.21,25.23
ORD-2023-001118,3,PROD-022,1,9.01,7.51
ORD-2023-001119,1,PROD-036,2,11.55,22.77
ORD-2023-001120,1,PROD-042,1,73.24,52.02
ORD-2023-001120,2,PROD-004,3,20.28,34.55
ORD-2023-001121,1,PROD-036,2,11.55,17.21
ORD-2023-001122,1,PROD-032,1,19.72,13.69
ORD-2023-001122,2,PROD-005,2,20.28,31.85
ORD-2023-001123,1,PROD-004,2,20.28,18.25
ORD-2023-001123,2,PROD-002,2,11.9,19.7
ORD-2023-001124,1,PROD-024,1,8.73,6.32
ORD-2023-001124,2,PROD-027,2,21.13,31.31
ORD-2023-001124,3,PROD-020,1,10.14,8.58
ORD-2023-001125,1,PROD-008,2,9.9,15.51
ORD-2023-001126,1,PROD-026,1,14.65,14.37
ORD-2023-001127,1,PROD-038,4,7.89,14.2
ORD-2023-001127,2,PROD-035,2,10.14,18.23
ORD-2023-001127,3,PROD-004,2,20.28,18.33
ORD-2023-001128,1,PROD-035,1,10.14,10.05
ORD-2023-001128,2,PROD-001,1,12.9,12.56
ORD-2023-001128,3,PROD-028,1,17.18,16.5
ORD-2023-001129,1,PROD-045,1,72.68,64.62
ORD-2023-001129,2,PROD-041,1,11.83,11.77
ORD-2023-001130,1,PROD-033,2,52.11,73.61
ORD-2023-001130,2,PROD-042,1,73.24,53.77
ORD-2023-001130,3,PROD-015,2,26.76,37.53
ORD-2023-001131,1,PROD-047,2,108.45,204.67
ORD-2023-001131,2,PROD-003,2,14.37,25.52
ORD-2023-001132,1,PROD-002,1,11.9,11.38
ORD-2023-001132,2,PROD-017,1,12.5,12.37
ORD-2023-001133,1,PROD-022,1,9.01,7.94
ORD-2023-001134,1,PROD-041,1,11.83,5.32
ORD-2023-001135,1,PROD-022,1,9.01,8.08
ORD-2023-001135,2,PROD-002,2,11.9,17.0
ORD-2023-001135,3,PROD-037,2,9.86,9.93
ORD-2023-001136,1,PROD-034,2,9.01,17.79
ORD-2023-001136,2,PROD-003,3,14.37,41.72
ORD-2023-001137,1,PROD-005,1,20.28,19.75
ORD-2023-001138,1,PROD-038,1,7.89,4.74
ORD-2023-001138,2,PROD-036,2,11.55,16.06
ORD-2023-001139,1,PROD-002,1,11.9,5.35
ORD-2023-001140,1,PROD-036,2,11.55,15.05
ORD-2023-001140,2,PROD-023,1,7.89,5.09
ORD-2023-001140,3,PROD-026,1,14.65,10.7
ORD-2023-001141,1,PROD-041,3,11.83,31.79
ORD-2023-001141,2,PROD-055,1,74.65,66.65
ORD-2023-001142,1,PROD-024,1,8.73,6.76
ORD-2023-001143,1,PROD-037,1,9.86,8.14
ORD-2023-001144,1,PROD-046,1,259.15,216.78
ORD-2023-001145,1,PROD-036,1,11.55,9.61
ORD-2023-001146,1,PROD-033,1,52.11,48.66
ORD-2023-001147,1,PROD-008,2,9.9,18.88
ORD-2023-001148,1,PROD-005,2,20.28,33.03
ORD-2023-001149,1,PROD-022,1,9.01,6.43
ORD-2023-001150,1,PROD-001,1,12.9,10.19
ORD-2023-001151,1,PROD-036,1,11.55,9.68
ORD-2023-001151,2,PROD-011,1,14.9,14.01
ORD-2023-001151,3,PROD-021,1,15.49,11.74
ORD-2023-001151,4,PROD-035,4,10.14,37.76
ORD-2023-001152,1,PROD-036,2,11.55,20.7
ORD-2023-001153,1,PROD-001,2,12.9,14.5
ORD-2023-001154,1,PROD-015,1,26.76,24.85
ORD-2023-001155,1,PROD-016,1,8.9,8.78
ORD-2023-001155,2,PROD-047,1,108.45,104.35
ORD-2023-001156,1,PROD-006,1,32.39,24.44
ORD-2023-001157,1,PROD-028,1,17.18,16.14
ORD-2023-001158,1,PROD-016,3,8.9,17.74
ORD-2023-001159,1,PROD-007,1,17.18,8.42
ORD-2023-001160,1,PROD-008,1,9.9,9.58
ORD-2023-001160,2,PROD-030,1,49.3,46.1
ORD-2023-001161,1,PROD-005,2,20.28,26.88
ORD-2023-001161,2,PROD-001,2,12.9,18.39
ORD-2023-001162,1,PROD-037,1,9.86,9.46
ORD-2023-001163,1,PROD-035,1,10.14,8.51
ORD-2023-001164,1,PROD-006,2,32.39,64.69
ORD-2023-001165,1,PROD-023,1,7.89,3.65
ORD-2023-001166,1,PROD-001,1,12.9,11.19
ORD-2023-001167,1,PROD-052,1,46.48,26.65
ORD-2023-001167,2,PROD-012,2,18.5,33.9
ORD-2023-001168,1,PROD-001,1,12.9,12.2
ORD-2023-001168,2,PROD-049,1,80.28,76.38
ORD-2023-001169,1,PROD-005,1,20.28,19.6
ORD-2023-001170,1,PROD-008,1,9.9,7.76
ORD-2023-001171,1,PROD-034,4,9.01,29.33
ORD-2023-001172,1,PROD-007,1,17.18,11.59
ORD-2023-001173,1,PROD-021,1,15.49,11.96
ORD-2023-001173,2,PROD-042,1,73.24,54.1
ORD-2023-001174,1,PROD-038,2,7.89,11.18
ORD-2023-001175,1,PROD-003,1,14.37,12.58
ORD-2023-001175,2,PROD-027,1,21.13,18.67
ORD-2023-001176,1,PROD-026,1,14.65,14.15
ORD-2023-001176,2,PROD-023,1,7.89,6.71
ORD-2023-001176,3,PROD-038,2,7.89,14.25
ORD-2023-001177,1,PROD-022,2,9.01,12.42
ORD-2023-001178,1,PROD-038,1,7.89,5.61
ORD-2023-001178,2,PROD-034,1,9.01,4.05
ORD-2023-001179,1,PROD-007,1,17.18,15.64
ORD-2023-001179,2,PROD-053,1,53.52,52.38
ORD-2023-001180,1,PROD-034,1,9.01,4.05
ORD-2023-001180,2,PROD-023,1,7.89,6.72
ORD-2023-001181,1,PROD-005,1,20.28,15.41
ORD-2023-001182,1,PROD-003,1,14.37,11.25
ORD-2023-001183,1,PROD-021,1,15.49,13.48
ORD-2023-001183,2,PROD-003,1,14.37,9.42
ORD-2023-001184,1,PROD-048,1,55.77,30.76
ORD-2023-001184,2,PROD-015,2,26.76,40.62
ORD-2023-001185,1,PROD-047,1,108.45,67.3
ORD-2023-001185,2,PROD-054,1,59.15,31.63
ORD-2023-001186,1,PROD-004,2,20.28,30.57
ORD-2023-001186,2,PROD-023,1,7.89,6.41
ORD-2023-001187,1,PROD-029,2,24.79,22.31
ORD-2023-001188,1,PROD-015,1,26.76,20.56
ORD-2023-001189,1,PROD-038,1,7.89,3.55
ORD-2023-001190,1,PROD-005,1,20.28,13.66
ORD-2023-001190,2,PROD-038,1,7.89,4.55
ORD-2023-001191,1,PROD-055,1,74.65,57.82
ORD-2023-001191,2,PROD-050,1,61.97,38.3
ORD-2023-001192,1,PROD-042,1,73.24,32.96
ORD-2023-001192,2,PROD-026,1,14.65,14.25
ORD-2023-001193,1,PROD-038,1,7.89,3.55
ORD-2023-001193,2,PROD-013,2,11.9,14.89
ORD-2023-001194,1,PROD-052,1,46.48,20.92
ORD-2023-001194,2,PROD-013,1,11.9,5.35
ORD-2023-001195,1,PROD-024,1,8.73,5.7
ORD-2023-001196,1,PROD-024,2,8.73,7.86
ORD-2023-001197,1,PROD-039,1,8.17,5.09
ORD-2023-001197,2,PROD-041,2,11.83,19.47
ORD-2023-001198,1,PROD-038,3,7.89,11.23
ORD-2023-001199,1,PROD-033,1,52.11,36.21
ORD-2023-001200,1,PROD-026,1,14.65,11.59
ORD-2023-001201,1,PROD-040,2,15.21,21.15
ORD-2023-001202,1,PROD-023,1,7.89,5.67
ORD-2023-001202,2,PROD-039,1,8.17,5.49
ORD-2023-001203,1,PROD-054,1,59.15,46.82
ORD-2023-001204,1,PROD-007,1,17.18,13.86
ORD-2023-001204,2,PROD-036,1,11.55,6.95
ORD-2023-001205,1,PROD-059,1,52.11,39.78
ORD-2023-001206,1,PROD-017,1,12.5,9.88
ORD-2023-001207,1,PROD-039,2,8.17,15.47
ORD-2023-001208,1,PROD-003,3,14.37,24.2
ORD-2023-001208,2,PROD-055,1,74.65,36.92
ORD-2023-001209,1,PROD-003,2,14.37,13.53
ORD-2023-001210,1,PROD-012,1,18.5,12.36
ORD-2023-001210,2,PROD-041,2,11.83,16.29
ORD-2023-001211,1,PROD-034,1,9.01,4.05
ORD-2023-001212,1,PROD-010,1,38.03,28.43
ORD-2023-001212,2,PROD-024,1,8.73,3.93
ORD-2023-001213,1,PROD-058,1,39.44,32.27
ORD-2023-001214,1,PROD-035,3,10.14,13.69
ORD-2023-001215,1,PROD-036,1,11.55,5.2
ORD-2023-001215,2,PROD-055,1,74.65,33.59
ORD-2023-001216,1,PROD-017,3,12.5,33.7
ORD-2023-001217,1,PROD-017,1,12.5,6.75
ORD-2023-001218,1,PROD-049,1,80.28,37.41
ORD-2023-001219,1,PROD-004,1,20.28,13.52
ORD-2023-001220,1,PROD-028,1,17.18,8.17
ORD-2023-001221,1,PROD-046,1,259.15,168.4
ORD-2023-001222,1,PROD-051,1,36.06,30.09
ORD-2023-001222,2,PROD-034,1,9.01,4.97
ORD-2023-001223,1,PROD-007,3,17.18,40.28
ORD-2023-001224,1,PROD-056,1,101.41,65.57
ORD-2023-001225,1,PROD-012,2,18.5,16.65
ORD-2023-001226,1,PROD-003,1,14.37,10.19
ORD-2023-001226,2,PROD-041,1,11.83,8.22
ORD-2023-001227,1,PROD-051,1,36.06,16.23
ORD-2023-001227,2,PROD-004,1,20.28,9.13
ORD-2023-001228,1,PROD-017,1,12.5,9.78
ORD-2023-001228,2,PROD-020,1,10.14,4.78
ORD-2023-001229,1,PROD-004,1,20.28,10.51
ORD-2023-001230,1,PROD-027,1,21.13,14.02
ORD-2023-001231,1,PROD-057,1,521.13,279.74
ORD-2023-001232,1,PROD-051,1,36.06,16.23
ORD-2023-001232,2,PROD-006,2,32.39,51.99
ORD-2023-001233,1,PROD-039,1,8.17,3.68
ORD-2023-001234,1,PROD-034,1,9.01,5.34
ORD-2023-001234,2,PROD-020,2,10.14,9.13
ORD-2023-001235,1,PROD-005,1,20.28,15.42
ORD-2023-001235,2,PROD-041,1,11.83,6.68
ORD-2023-001236,1,PROD-019,1,29.58,22.36
ORD-2023-001237,1,PROD-017,1,12.5,10.38
ORD-2023-001237,2,PROD-035,4,10.14,18.25
ORD-2023-001238,1,PROD-024,1,8.73,6.2
ORD-2023-001238,2,PROD-017,2,12.5,16.79
ORD-2023-001239,1,PROD-044,1,40.85,32.33
ORD-2023-001239,2,PROD-034,1,9.01,4.05
ORD-2023-001240,1,PROD-036,2,11.55,10.39
ORD-2023-001241,1,PROD-010,1,38.03,33.13
ORD-2023-001241,2,PROD-034,2,9.01,8.16
ORD-2023-001242,1,PROD-056,1,101.41,45.63
ORD-2023-001243,1,PROD-035,2,10.14,9.96
ORD-2023-001243,2,PROD-034,2,9.01,8.11
ORD-2023-001244,1,PROD-003,1,14.37,8.29
ORD-2023-001245,1,PROD-010,1,38.03,36.85
ORD-2023-001246,1,PROD-007,1,17.18,13.54
ORD-2023-001246,2,PROD-023,2,7.89,9.89
ORD-2023-000523,1,PROD-006,2,32.39,62.0
ORD-2023-000286,1,PROD-004,1,20.28,15.38
ORD-2023-000512,3,PROD-028,2,17.18,16.98
ORD-2023-000737,1,PROD-004,1,20.28,18.39
ORD-2023-001118,1,PROD-026,2,14.65,26.65
ORD-2023-000697,1,PROD-007,1,17.18,16.86
ORD-2023-000145,1,PROD-051,1,36.06,34.51
ORD-2023-000090,1,PROD-002,1,11.9,10.93
ORD-2023-000207,2,PROD-020,1,10.14,8.25
ORD-2023-000335,1,PROD-020,1,10.14,8.85
ORD-2023-000071,2,PROD-027,2,21.13,27.19
ORD-2023-000831,3,PROD-047,1,108.45,96.44
ORD-2023-001140,2,PROD-023,1,7.89,5.09
ORD-2023-000397,2,PROD-038,1,7.89,7.66
ORD-2023-000173,1,PROD-041,2,11.83,17.44
ORD-2023-000569,2,PROD-026,1,14.65,12.47
ORD-2023-000033,1,PROD-030,1,49.3,45.12
ORD-2023-000406,1,PROD-029,1,24.79,20.57
ORD-2023-000143,2,PROD-026,2,14.65,21.73
ORD-2023-000569,5,PROD-040,2,15.21,24.78
ORD-2023-000010,1,PROD-041,2,11.83,22.08
ORD-2023-000246,1,PROD-040,1,15.21,9.77
ORD-2023-000252,1,PROD-021,2,15.49,30.84
ORD-2023-000177,1,PROD-041,1,11.83,10.6
ORD-2023-000031,2,PROD-008,2,9.9,15.59
ORD-2023-001008,3,PROD-004,2,20.28,31.37
ORD-2023-000168,1,PROD-010,1,38.03,36.73
ORD-2023-000697,2,PROD-041,2,11.83,23.12
ORD-2023-000129,1,PROD-030,1,49.3,46.95
ORD-2023-001046,2,PROD-022,1,9.01,8.23
ORD-2023-000397,1,PROD-007,2,17.18,33.95
ORD-2023-000293,2,PROD-034,1,9.01,6.12
ORD-2023-000987,1,PROD-002,1,11.9,10.47
ORD-2023-000246,2,PROD-026,1,14.65,9.56
ORD-2023-000305,3,PROD-028,1,17.18,16.99
ORD-2023-000107,1,PROD-004,1,20.28,19.85
ORD-2023-000941,3,PROD-042,1,73.24,58.7
ORD-2023-000198,1,PROD-028,1,17.18,13.62
ORD-2023-000352,1,PROD-041,2,11.83,19.88
ORD-2023-000370,1,PROD-006,2,32.39,48.62
ORD-2023-000582,1,PROD-005,2,20.28,28.94
ORD-2023-000851,1,PROD-006,2,32.39,60.55
ORD-2023-000651,3,PROD-004,1,20.28,18.28
ORD-2023-000063,1,PROD-007,1,17.18,10.72
ORD-2023-000461,1,PROD-040,1,15.21,11.26
ORD-2023-000291,1,PROD-032,1,19.72,18.94
ORD-2023-000375,2,PROD-036,2,11.55,18.55
ORD-2023-000464,1,PROD-021,1,15.49,12.71
ORD-2023-000031,1,PROD-006,1,32.39,15.34
ORD-2023-001008,1,PROD-005,2,20.28,39.02
ORD-2023-000651,1,PROD-019,1,29.58,25.77
ORD-2023-000239,4,PROD-004,1,20.28,20.08
ORD-2023-000119,1,PROD-004,2,20.28,0.0
ORD-2023-001144,1,PROD-046,1,259.15,216.78
ORD-2023-000356,1,PROD-030,1,49.3,48.63
ORD-2023-000250,2,PROD-055,1,74.65,54.16
ORD-2023-000399,1,PROD-049,1,80.28,59.8
ORD-2023-000425,1,PROD-036,1,11.55,8.55
ORD-2023-000042,1,PROD-024,2,8.73,7.86
ORD-2023-000073,1,PROD-004,1,20.28,9.13
ORD-2023-000308,1,PROD-003,1,14.37,9.09
ORD-2023-000668,1,PROD-006,2,32.39,53.59
ORD-2023-001234,1,PROD-034,1,9.01,5.34
ORD-2023-000208,1,PROD-041,1,11.83,10.84
ORD-2023-001058,1,PROD-001,1,12.9,8.8
ORD-2023-001224,1,PROD-056,1,101.41,65.57
ORD-2023-001046,1,PROD-035,2,10.14,18.89
ORD-2023-000239,1,PROD-005,2,20.28,39.51
ORD-2023-001222,1,PROD-051,1,36.06,30.09
ORD-2023-000156,2,PROD-028,1,17.18,14.85
ORD-2023-001163,1,PROD-035,1,10.14,8.51
ORD-2023-000668,3,PROD-014,2,9.9,18.87
ORD-2023-000007,1,PROD-032,1,19.72,12.83
ORD-2023-000758,2,PROD-005,2,20.28,36.18
ORD-2023-000099,1,PROD-022,2,9.01,16.49
ORD-2023-000236,1,PROD-001,2,12.9,25.01
ORD-2023-000531,1,PROD-007,2,17.18,31.52
ORD-2023-000758,1,PROD-004,1,20.28,17.64
ORD-2023-000207,1,PROD-032,1,19.72,17.89
ORD-2023-000250,1,PROD-004,1,20.28,12.01
ORD-2023-000092,2,PROD-049,1,80.28,55.43
ORD-2023-000340,1,PROD-004,1,20.28,11.31
ORD-2023-000648,2,PROD-034,4,9.01,29.95
ORD-2023-000651,5,PROD-005,1,20.28,20.02
ORD-2023-000136,1,PROD-004,2,20.28,36.35
ORD-2023-000133,1,PROD-002,2,11.9,22.44
ORD-2023-000941,4,PROD-004,1,20.28,18.66
ORD-2023-000136,2,PROD-003,1,14.37,6.47
ORD-2023-000239,2,PROD-035,2,10.14,20.05
ORD-2023-000684,1,PROD-007,2,17.18,34.05
ORD-2023-001118,2,PROD-040,2,15.21,25.23
ORD-2023-000069,1,PROD-042,1,73.24,68.67
ORD-2023-001008,2,PROD-036,1,11.55,10.46
ORD-2023-000123,1,PROD-017,2,12.5,21.69
ORD-2023-000341,1,PROD-035,1,10.14,7.66
ORD-2023-000037,1,PROD-033,1,52.11,51.18
ORD-2023-001140,3,PROD-026,1,14.65,10.7
ORD-2023-000073,2,PROD-006,1,32.39,17.45
ORD-2023-000454,1,PROD-041,1,11.83,9.66
ORD-2023-000317,1,PROD-016,1,8.9,8.76
ORD-2023-000102,1,PROD-013,1,11.9,8.53
ORD-2023-000293,3,PROD-026,1,14.65,13.17
ORD-2023-000934,1,PROD-001,1,12.9,12.74
ORD-2023-000001,2,PROD-029,1,24.79,18.26
ORD-2023-000726,1,PROD-016,1,8.9,7.25
ORD-2023-000251,1,PROD-041,3,11.83,17.39
ORD-2023-000869,1,PROD-004,1,20.28,18.86
ORD-2023-000051,2,PROD-032,2,19.72,28.61
ORD-2023-000509,1,PROD-001,1,12.9,11.59
ORD-2023-001234,2,PROD-020,2,10.14,9.13
ORD-2023-000400,3,PROD-044,1,40.85,38.18
ORD-2023-000941,1,PROD-030,2,49.3,82.64
ORD-2023-000831,1,PROD-005,1,20.28,19.64
ORD-2023-000375,1,PROD-035,2,10.14,9.13
ORD-2023-000489,1,PROD-044,1,40.85,33.55
ORD-2023-000651,2,PROD-028,1,17.18,16.75
ORD-2023-000855,3,PROD-001,2,12.9,24.7
ORD-2023-000767,1,PROD-037,1,9.86,8.33
ORD-2023-000064,1,PROD-006,1,32.39,30.83
ORD-2023-000507,1,PROD-022,1,9.01,8.65
ORD-2023-000248,1,PROD-019,3,29.58,46.68
ORD-2023-000061,1,PROD-021,1,15.49,6.97
ORD-2023-000352,2,PROD-036,1,11.55,9.51
ORD-2023-000366,1,PROD-045,1,72.68,67.96
ORD-2023-000252,2,PROD-005,2,20.28,36.47
ORD-2023-000256,1,PROD-022,1,9.01,7.54
ORD-2023-000975,1,PROD-040,1,15.21,14.43
ORD-2023-000651,4,PROD-016,2,8.9,15.96
ORD-2023-000503,1,PROD-026,1,14.65,7.46
ORD-2023-000465,1,PROD-010,1,38.03,36.0
ORD-2023-000478,1,PROD-001,1,12.9,12.33
ORD-2023-000987,3,PROD-022,1,9.01,8.33
ORD-2023-000569,3,PROD-022,2,9.01,15.94
ORD-2023-000173,2,PROD-032,2,19.72,29.96
ORD-2023-000789,1,PROD-037,1,9.86,9.8
ORD-2023-000855,1,PROD-038,2,7.89,14.88
ORD-2023-000065,1,PROD-004,1,20.28,19.97
ORD-2023-000286,2,PROD-032,1,19.72,8.87
ORD-2023-000055,1,PROD-038,1,7.89,6.63
ORD-2023-000035,1,PROD-040,2,15.21,21.89
ORD-2023-000509,2,PROD-041,1,11.83,10.88
ORD-2023-000101,1,PROD-049,1,80.28,52.78
ORD-2023-000831,4,PROD-001,3,12.9,36.15
ORD-2023-000383,1,PROD-019,2,29.58,36.17
ORD-2023-000841,1,PROD-005,2,20.28,33.35
ORD-2023-000379,1,PROD-006,1,32.39,31.47
ORD-2023-000888,2,PROD-008,2,9.9,17.21
ORD-2023-000070,1,PROD-031,1,53.52,38.1
ORD-2023-000370,2,PROD-023,2,7.89,13.35
ORD-2023-000888,1,PROD-034,1,9.01,8.21
ORD-2023-000489,2,PROD-005,3,20.28,40.89
ORD-2023-000369,1,PROD-037,1,9.86,8.97
ORD-2023-000534,1,PROD-006,3,32.39,96.58
ORD-2023-000049,1,PROD-001,1,12.9,12.0
ORD-2023-000522,1,PROD-023,1,7.89,6.78
ORD-2023-001078,1,PROD-029,1,24.79,21.41
ORD-2023-000383,2,PROD-037,3,9.86,19.36
ORD-2023-000400,2,PROD-045,1,72.68,64.75
ORD-2023-000569,4,PROD-034,1,9.01,8.39
ORD-2023-000934,2,PROD-035,2,10.14,19.37
ORD-2023-000369,2,PROD-031,1,53.52,29.7
ORD-2023-000406,2,PROD-020,2,10.14,16.89
ORD-2023-000632,1,PROD-015,1,26.76,25.88
ORD-2023-001078,3,PROD-031,1,53.52,49.24
ORD-2023-000134,1,PROD-024,2,8.73,11.1
ORD-2023-000475,3,PROD-035,2,10.14,16.76
ORD-2023-000632,2,PROD-036,1,11.55,11.4
ORD-2023-001059,1,PROD-021,2,15.49,17.36
ORD-2023-000240,1,PROD-036,3,11.55,32.57
ORD-2023-000569,1,PROD-025,1,21.97,18.42
ORD-2023-000001,1,PROD-047,1,108.45,77.02
ORD-2023-000290,1,PROD-015,1,26.76,17.97
ORD-2023-000443,2,PROD-023,1,7.89,6.94
ORD-2023-000142,1,PROD-034,3,9.01,19.08
ORD-2023-000037,2,PROD-052,1,46.48,44.3
ORD-2023-000239,3,PROD-041,1,11.83,10.52
ORD-2023-000855,2,PROD-005,2,20.28,40.24
ORD-2023-001043,2,PROD-001,3,12.9,38.31
ORD-2023-000831,2,PROD-022,2,9.01,17.0
ORD-2023-000143,1,PROD-030,1,49.3,33.17
ORD-2023-000420,1,PROD-034,4,9.01,35.59
ORD-2023-000987,2,PROD-040,1,15.21,13.79
ORD-2023-001222,2,PROD-034,1,9.01,4.97
ORD-2023-000932,2,PROD-006,1,32.39,27.71
ORD-2023-000307,1,PROD-010,1,38.03,30.32
ORD-2023-000539,1,PROD-021,1,15.49,12.04
ORD-2023-000360,1,PROD-044,1,40.85,39.95
ORD-2023-000512,2,PROD-001,3,12.9,0.0
ORD-2023-000293,1,PROD-008,1,9.9,9.69
ORD-2023-000210,1,PROD-060,1,42.25,0.0
ORD-2023-000156,1,PROD-030,2,49.3,51.14
ORD-2023-000454,2,PROD-027,1,21.13,
ORD-2023-000475,1,PROD-011,1,14.9,13.01
ORD-2023-000697,3,PROD-028,1,17.18,16.41
ORD-2023-000582,2,PROD-050,1,61.97,52.3
ORD-2023-000682,1,PROD-008,1,9.9,9.65
ORD-2023-000556,1,PROD-048,1,55.77,53.83
ORD-2023-000684,2,PROD-040,1,15.21,15.16
ORD-2023-000233,1,PROD-001,1,12.9,12.68
ORD-2023-000290,2,PROD-028,2,17.18,25.19
ORD-2023-000023,1,PROD-037,2,9.86,15.42
ORD-2023-000305,2,PROD-001,1,12.9,10.84
ORD-2023-000441,2,PROD-003,3,14.37,29.95
ORD-2023-000018,2,PROD-040,1,15.21,6.84
ORD-2023-000443,1,PROD-002,3,11.9,35.24
ORD-2023-000668,2,PROD-005,1,20.28,19.21
ORD-2023-000235,1,PROD-003,1,14.37,8.71
ORD-2023-000155,1,PROD-012,1,18.5,14.55
ORD-2023-001140,1,PROD-036,2,11.55,15.05
ORD-2023-000251,2,PROD-032,3,19.72,44.38
ORD-2023-000370,3,PROD-003,2,14.37,26.68
ORD-2023-000363,1,PROD-003,1,14.37,13.86
ORD-2023-000441,1,PROD-015,2,26.76,24.08
ORD-2023-000359,1,PROD-005,1,20.28,19.38
ORD-2023-001118,3,PROD-022,1,9.01,7.51
ORD-2023-000932,1,PROD-014,3,9.9,26.02
ORD-2023-001043,1,PROD-035,1,10.14,9.47
ORD-2023-000717,1,PROD-041,3,11.83,35.23
ORD-2023-000361,1,PROD-002,2,11.9,19.43
ORD-2023-000051,1,PROD-017,1,12.5,7.68
ORD-2023-000475,2,PROD-032,2,19.72,37.27
ORD-2023-000563,1,PROD-004,3,20.28,55.57
ORD-2023-000400,1,PROD-001,1,12.9,11.22
ORD-2023-000841,2,PROD-001,1,12.9,11.67
ORD-2023-001078,2,PROD-004,1,20.28,20.07
ORD-2023-000512,1,PROD-002,2,11.9,20.73
ORD-2023-000071,1,PROD-030,2,49.3,92.51
ORD-2023-000888,3,PROD-006,1,32.39,29.19
ORD-2023-000460,1,PROD-006,2,32.39,48.59
ORD-2023-001100,1,PROD-003,1,14.37,13.0
ORD-2023-000941,2,PROD-024,2,8.73,14.1
ORD-2023-000920,1,PROD-008,1,9.9,8.26
ORD-2023-000043,1,PROD-029,2,24.79,45.96
ORD-2023-000018,1,PROD-037,3,9.86,25.62
ORD-2023-000648,1,PROD-004,1,20.28,19.17
ORD-2023-000092,1,PROD-011,2,14.9,16.37
ORD-2023-000145,2,PROD-004,3,20.28,53.16
ORD-2023-000356,2,PROD-027,1,21.13,18.17
ORD-2023-000198,2,PROD-039,3,8.17,22.02
ORD-2023-000169,1,PROD-028,2,17.18,28.24
ORD-2023-000305,1,PROD-026,1,14.65,13.5
ORD-2023-000079,1,PROD-020,1,10.14,6.82
ORD-2023-000417,1,PROD-032,3,19.72,44.61
