OrderID,CustomerID,OrderDate,OrderDiscountPct,BasketItemCount
ORD-2023-000001,CUST-00001,2023-01-30,0.2849,2
ORD-2023-000002,CUST-00002,2023-01-24,0.4981,1
ORD-2023-000003,CUST-00003,2023-01-26,0.1615,2
ORD-2023-000004,CUST-00004,2023-01-20,0.2989,2
ORD-2023-000005,CUST-00005,2023-01-28,0.1214,3
ORD-2023-000006,CUST-00006,2023-01-27,0.3179,1
ORD-2023-000007,CUST-00007,2023-01-30,0.3493,1
ORD-2023-000008,CUST-00008,2023-01-22,0.1237,1
ORD-2023-000009,CUST-00009,2023-01-19,0.1329,3
ORD-2023-000010,CUST-00010,2023-01-31,0.0669,1
ORD-2023-000011,CUST-00011,2023-01-25,0.55,1
ORD-2023-000012,CUST-00012,2023-01-24,0.0732,1
ORD-2023-000013,CUST-00013,2023-01-27,0.082,3
ORD-2023-000014,CUST-00014,2023-01-28,0.0367,3
ORD-2023-000015,CUST-00015,2023-01-24,0.3874,2
ORD-2023-000016,CUST-00016,2023-01-27,0.3659,1
ORD-2023-000017,CUST-00017,2023-01-20,0.0616,1
ORD-2023-000018,CUST-00018,2023-01-30,0.2753,2
ORD-2023-000019,CUST-00019,2023-01-17,0.0458,2
ORD-2023-000020,CUST-00020,2023-01-25,0.0345,1
ORD-2023-000021,CUST-00021,2023-01-29,0.0973,1
ORD-2023-000022,CUST-00022,2023-01-22,0.0119,3
ORD-2023-000023,CUST-00023,2023-01-31,0.2179,1
ORD-2023-000024,CUST-00024,2023-01-25,0.3757,1
ORD-2023-000025,CUST-00025,2023-01-08,0.0285,2
ORD-2023-000026,CUST-00026,2023-01-26,0.0785,1
ORD-2023-000027,CUST-00027,2023-01-12,0.0359,3
ORD-2023-000028,CUST-00028,2023-01-29,0.3807,1
ORD-2023-000029,CUST-00029,2023-01-21,0.1669,2
ORD-2023-000030,CUST-00030,2023-01-15,0.55,1
ORD-2023-000031,CUST-00031,2023-01-31,0.4074,2
ORD-2023-000032,CUST-00032,2023-01-28,0.0334,1
ORD-2023-000033,CUST-00033,2023-01-30,0.0848,1
ORD-2023-000034,CUST-00034,2023-01-07,0.4227,1
ORD-2023-000035,CUST-00035,2023-01-31,0.2805,1
ORD-2023-000036,CUST-00036,2023-01-29,0.1347,2
ORD-2023-000037,CUST-00037,2023-01-31,0.0316,2
ORD-2023-000038,CUST-00038,2023-01-13,0.0743,1
ORD-2023-000039,CUST-00039,2023-01-29,0.1125,3
ORD-2023-000040,CUST-00040,2023-01-18,0.2255,1
ORD-2023-000041,CUST-00041,2023-01-23,0.1904,3
ORD-2023-000042,CUST-00042,2023-01-30,0.55,1
ORD-2023-000043,CUST-00043,2023-01-30,0.073,1
ORD-2023-000044,CUST-00044,2023-01-21,0.3842,2
ORD-2023-000045,CUST-00045,2023-01-06,0.2126,2
ORD-2023-000046,CUST-00046,2023-01-27,0.0439,3
ORD-2023-000047,CUST-00047,2023-01-28,0.4494,2
ORD-2023-000048,CUST-00048,2023-01-22,0.1059,1
ORD-2023-000049,CUST-00049,2023-01-31,0.0698,1
ORD-2023-000050,CUST-00050,2023-01-17,0.1533,2
ORD-2023-000051,CUST-00051,2023-01-31,0.3013,2
ORD-2023-000052,CUST-00052,2023-01-09,0.1499,2
ORD-2023-000053,CUST-00053,2023-01-29,0.1326,3
ORD-2023-000054,CUST-00054,2023-01-25,0.3625,1
ORD-2023-000055,CUST-00055,2023-01-31,0.1591,1
ORD-2023-000056,CUST-00056,2023-01-03,0.0086,2
ORD-2023-000057,CUST-00057,2023-01-29,0.0927,1
ORD-2023-000058,CUST-00058,2023-01-19,0.4721,1
ORD-2023-000059,CUST-00059,2023-01-27,0.0869,1
ORD-2023-000060,CUST-00060,2023-01-15,0.1086,1
ORD-2023-000061,CUST-00061,2023-01-30,0.55,1
ORD-2023-000062,CUST-00062,2023-01-21,0.276,2
ORD-2023-000063,CUST-00063,2023-01-30,0.376,1
ORD-2023-000064,CUST-00064,2023-01-31,0.0483,1
ORD-2023-000065,CUST-00065,2023-01-31,0.0153,1
ORD-2023-000066,CUST-00066,2023-01-09,0.1024,2
ORD-2023-000067,CUST-00067,2023-01-19,0.1934,1
ORD-2023-000068,CUST-00068,2023-01-12,0.0988,2
ORD-2023-000069,CUST-00069,2023-01-30,0.0624,1
ORD-2023-000070,CUST-00070,2023-01-31,0.2882,1
ORD-2023-000071,CUST-00071,2023-01-30,0.1503,2
ORD-2023-000072,CUST-00072,2023-01-13,0.0639,1
ORD-2023-000073,CUST-00073,2023-01-30,0.4954,2
ORD-2023-000074,CUST-00074,2023-01-29,0.2513,1
ORD-2023-000075,CUST-00075,2023-01-24,0.0224,2
ORD-2023-000076,CUST-00076,2023-01-28,0.0973,1
ORD-2023-000077,CUST-00077,2023-01-25,0.0729,1
ORD-2023-000078,CUST-00078,2023-01-29,0.099,2
ORD-2023-000079,CUST-00079,2023-01-30,0.3271,1
ORD-2023-000080,CUST-00080,2023-01-29,0.1523,1
ORD-2023-000081,CUST-00081,2023-01-15,0.3041,1
ORD-2023-000082,CUST-00082,2023-01-21,0.0961,1
ORD-2023-000083,CUST-00083,2023-01-26,0.55,1
ORD-2023-000084,CUST-00084,2023-01-28,0.0397,1
ORD-2023-000085,CUST-00085,2023-01-27,0.0488,5
ORD-2023-000086,CUST-00086,2023-01-26,0.1848,1
ORD-2023-000087,CUST-00087,2023-01-19,0.3034,2
ORD-2023-000088,CUST-00088,2023-01-28,0.1328,2
ORD-2023-000089,CUST-00089,2023-01-22,0.017,1
ORD-2023-000090,CUST-00090,2023-01-31,0.0811,1
ORD-2023-000091,CUST-00091,2023-01-17,0.1881,2
ORD-2023-000092,CUST-00092,2023-01-30,0.3478,2
ORD-2023-000093,CUST-00093,2023-01-21,0.3205,2
ORD-2023-000094,CUST-00094,2023-01-24,0.1137,2
ORD-2023-000095,CUST-00095,2023-01-29,0.0776,1
ORD-2023-000096,CUST-00096,2023-01-20,0.1886,3
ORD-2023-000097,CUST-00097,2023-01-25,0.1098,3
ORD-2023-000098,CUST-00098,2023-01-24,0.0198,1
ORD-2023-000099,CUST-00099,2023-01-30,0.0849,1
ORD-2023-000100,CUST-00100,2023-01-22,0.3458,1
ORD-2023-000101,CUST-00101,2023-01-30,0.3426,1
ORD-2023-000102,CUST-00102,2023-01-31,0.2829,1
ORD-2023-000103,CUST-00103,2023-01-22,0.1637,1
ORD-2023-000104,CUST-00104,2023-01-21,0.0789,1
ORD-2023-000105,CUST-00105,2023-01-27,0.0811,2
ORD-2023-000106,CUST-00106,2023-01-29,0.0581,1
ORD-2023-000107,CUST-00107,2023-01-31,0.0213,1
ORD-2023-000108,CUST-00108,2023-01-19,0.1157,1
ORD-2023-000109,CUST-00109,2023-01-18,0.3197,2
ORD-2023-000110,CUST-00110,2023-01-04,0.1217,1
ORD-2023-000111,CUST-00111,2023-01-21,0.1409,2
ORD-2023-000112,CUST-00112,2023-01-26,0.1459,1
ORD-2023-000113,CUST-00113,2023-01-26,0.163,1
ORD-2023-000114,CUST-00114,2023-01-22,0.2251,1
ORD-2023-000115,CUST-00115,2023-01-29,0.0684,1
ORD-2023-000116,CUST-00116,2023-01-23,0.0223,1
ORD-2023-000117,CUST-00117,2023-01-28,0.2153,2
ORD-2023-000118,CUST-00118,2023-01-18,0.0298,3
ORD-2023-000119,CUST-00119,2023-01-30,0.0641,1
ORD-2023-000120,CUST-00120,2023-01-09,0.55,2
ORD-2023-000121,CUST-00121,2023-01-28,0.2367,2
ORD-2023-000122,CUST-00122,2023-01-19,0.4103,1
ORD-2023-000123,CUST-00123,2023-01-31,0.1325,1
ORD-2023-000124,CUST-00124,2023-01-23,0.55,1
ORD-2023-000125,CUST-00125,2023-01-23,0.518,2
ORD-2023-000126,CUST-00126,2023-01-23,0.4195,1
ORD-2023-000127,CUST-00127,2023-01-28,0.0265,1
ORD-2023-000128,CUST-00128,2023-01-24,0.2468,1
ORD-2023-000129,CUST-00129,2023-01-30,0.0477,1
ORD-2023-000130,CUST-00130,2023-01-14,0.4599,2
ORD-2023-000131,CUST-00131,2023-01-24,0.2078,1
ORD-2023-000132,CUST-00132,2023-01-29,0.104,1
ORD-2023-000133,CUST-00133,2023-01-30,0.0572,1
ORD-2023-000134,CUST-00134,2023-01-30,0.3644,1
ORD-2023-000135,CUST-00135,2023-01-14,0.0636,1
ORD-2023-000136,CUST-00136,2023-01-31,0.2206,2
ORD-2023-000137,CUST-00137,2023-01-20,0.1079,1
ORD-2023-000138,CUST-00138,2023-01-29,0.2478,2
ORD-2023-000139,CUST-00139,2023-01-18,0.1234,1
ORD-2023-000140,CUST-00140,2023-01-28,0.0318,1
ORD-2023-000141,CUST-00141,2023-01-28,0.3413,1
ORD-2023-000142,CUST-00142,2023-01-30,0.294,1
ORD-2023-000143,CUST-00143,2023-01-31,0.3015,2
ORD-2023-000144,CUST-00144,2023-01-20,0.0497,1
ORD-2023-000145,CUST-00145,2023-01-31,0.0953,2
ORD-2023-000146,CUST-00146,2023-01-27,0.55,2
ORD-2023-000147,CUST-00147,2023-01-21,0.1486,1
ORD-2023-000148,CUST-00148,2023-01-14,0.1099,1
ORD-2023-000149,CUST-00149,2023-01-19,0.2938,2
ORD-2023-000150,CUST-00150,2023-01-07,0.4327,1
ORD-2023-000151,CUST-00151,2023-01-14,0.0639,3
ORD-2023-000152,CUST-00152,2023-01-23,0.0309,1
ORD-2023-000153,CUST-00153,2023-01-13,0.0243,3
ORD-2023-000154,CUST-00154,2023-01-25,0.4108,2
ORD-2023-000155,CUST-00155,2023-01-30,0.2135,1
ORD-2023-000156,CUST-00156,2023-01-31,0.43,2
ORD-2023-000157,CUST-00157,2023-01-15,0.0979,2
ORD-2023-000158,CUST-00158,2023-01-15,0.0473,3
ORD-2023-000159,CUST-00159,2023-01-29,0.3455,1
ORD-2023-000160,CUST-00160,2023-01-27,0.2924,3
ORD-2023-000161,CUST-00161,2023-01-25,0.085,2
ORD-2023-000162,CUST-00162,2023-01-22,0.5442,2
ORD-2023-000163,CUST-00163,2023-01-24,0.0229,2
ORD-2023-000164,CUST-00164,2023-01-10,0.2492,1
ORD-2023-000165,CUST-00165,2023-01-18,0.4772,1
ORD-2023-000166,CUST-00166,2023-01-27,0.5065,1
ORD-2023-000167,CUST-00167,2023-01-27,0.2779,2
ORD-2023-000168,CUST-00168,2023-01-31,0.0343,1
ORD-2023-000169,CUST-00169,2023-01-31,0.178,1
ORD-2023-000170,CUST-00170,2023-01-26,0.1981,1
ORD-2023-000171,CUST-00171,2023-01-15,0.5168,2
ORD-2023-000172,CUST-00172,2023-01-25,0.0093,1
ORD-2023-000173,CUST-00173,2023-01-30,0.2487,2
ORD-2023-000174,CUST-00174,2023-01-14,0.2283,1
ORD-2023-000175,CUST-00175,2023-01-26,0.2033,2
ORD-2023-000176,CUST-00176,2023-01-27,0.0385,1
ORD-2023-000177,CUST-00177,2023-01-30,0.1043,1
ORD-2023-000178,CUST-00178,2023-01-25,0.3663,1
ORD-2023-000179,CUST-00179,2023-01-10,0.0657,2
ORD-2023-000180,CUST-00180,2023-01-27,0.0114,1
ORD-2023-000181,CUST-00181,2023-01-24,0.0463,1
ORD-2023-000182,CUST-00182,2023-01-23,0.0505,1
ORD-2023-000183,CUST-00183,2023-01-29,0.2672,1
ORD-2023-000184,CUST-00184,2023-01-22,0.3583,3
ORD-2023-000185,CUST-00185,2023-01-25,0.0337,1
ORD-2023-000186,CUST-00186,2023-01-29,0.3548,2
ORD-2023-000187,CUST-00187,2023-01-25,0.1132,2
ORD-2023-000188,CUST-00188,2023-01-27,0.2506,2
ORD-2023-000189,CUST-00189,2023-01-29,0.3126,1
ORD-2023-000190,CUST-00190,2023-01-22,0.0284,1
ORD-2023-000191,CUST-00191,2023-01-26,0.0984,1
ORD-2023-000192,CUST-00192,2023-01-21,0.0329,2
ORD-2023-000193,CUST-00193,2023-01-27,0.1039,1
ORD-2023-000194,CUST-00194,2023-01-26,0.1606,1
ORD-2023-000195,CUST-00195,2023-01-23,0.55,1
ORD-2023-000196,CUST-00196,2023-01-07,0.4639,1
ORD-2023-000197,CUST-00197,2023-01-12,0.46,2
ORD-2023-000198,CUST-00198,2023-01-30,0.1453,2
ORD-2023-000199,CUST-00199,2023-01-27,0.1322,4
ORD-2023-000200,CUST-00200,2023-01-08,0.0516,1
ORD-2023-000201,CUST-00201,2023-01-25,0.15,1
ORD-2023-000202,CUST-00202,2023-01-19,0.0273,2
ORD-2023-000203,CUST-00203,2023-01-20,0.2767,1
ORD-2023-000204,CUST-00204,2023-01-20,0.1716,1
ORD-2023-000205,CUST-00205,2023-01-29,0.0752,2
ORD-2023-000206,CUST-00206,2023-01-14,0.55,1
ORD-2023-000207,CUST-00207,2023-01-30,0.1247,2
ORD-2023-000208,CUST-00208,2023-01-31,0.0838,1
ORD-2023-000209,CUST-00209,2023-01-23,0.5108,2
ORD-2023-000210,CUST-00210,2023-01-31,0.204,1
ORD-2023-000211,CUST-00211,2023-01-08,0.1161,2
ORD-2023-000212,CUST-00212,2023-01-25,0.256,1
ORD-2023-000213,CUST-00213,2023-01-17,0.2397,1
ORD-2023-000214,CUST-00214,2023-01-09,0.1641,1
ORD-2023-000215,CUST-00215,2023-01-27,0.1382,1
ORD-2023-000216,CUST-00216,2023-01-26,0.0392,1
ORD-2023-000217,CUST-00217,2023-01-24,0.294,2
ORD-2023-000218,CUST-00218,2023-01-21,0.0903,2
ORD-2023-000219,CUST-00219,2023-01-28,0.2141,1
ORD-2023-000220,CUST-00220,2023-01-24,0.3403,2
ORD-2023-000221,CUST-00221,2023-01-20,0.1159,1
ORD-2023-000222,CUST-00222,2023-01-27,0.0842,1
ORD-2023-000223,CUST-00223,2023-01-29,0.0422,3
ORD-2023-000224,CUST-00224,2023-01-12,0.1046,1
ORD-2023-000225,CUST-00225,2023-01-27,0.55,1
ORD-2023-000226,CUST-00226,2023-01-20,0.0498,1
ORD-2023-000227,CUST-00227,2023-01-28,0.048,2
ORD-2023-000228,CUST-00228,2023-01-27,0.0487,3
ORD-2023-000229,CUST-00229,2023-01-22,0.149,1
ORD-2023-000230,CUST-00230,2023-01-26,0.474,1
ORD-2023-000231,CUST-00231,2023-01-24,0.3001,1
ORD-2023-000232,CUST-00232,2023-01-23,0.112,1
ORD-2023-000233,CUST-00233,2023-01-31,0.0169,1
ORD-2023-000234,CUST-00234,2023-01-25,0.1345,2
ORD-2023-000235,CUST-00235,2023-01-30,0.3938,1
ORD-2023-000236,CUST-00236,2023-01-31,0.0308,1
ORD-2023-000237,CUST-00237,2023-01-18,0.034,1
ORD-2023-000238,CUST-00238,2023-01-27,0.1165,1
ORD-2023-000239,CUST-00239,2023-01-31,0.03,4
ORD-2023-000240,CUST-00240,2023-01-31,0.06,1
ORD-2023-000241,CUST-00241,2023-01-12,0.2289,1
ORD-2023-000242,CUST-00242,2023-01-25,0.182,2
ORD-2023-000243,CUST-00243,2023-01-27,0.0389,1
ORD-2023-000244,CUST-00244,2023-01-22,0.3091,1
ORD-2023-000245,CUST-00245,2023-01-15,0.0608,1
ORD-2023-000246,CUST-00246,2023-01-31,0.3527,2
ORD-2023-000247,CUST-00247,2023-01-22,0.1424,2
ORD-2023-000248,CUST-00248,2023-01-30,0.474,1
ORD-2023-000249,CUST-00249,2023-01-29,0.3843,2
ORD-2023-000250,CUST-00250,2023-01-30,0.3029,2
ORD-2023-000251,CUST-00251,2023-01-31,0.3474,2
ORD-2023-000252,CUST-00252,2023-01-30,0.0592,2
ORD-2023-000253,CUST-00253,2023-01-15,0.2126,1
ORD-2023-000254,CUST-00254,2023-01-27,0.5183,2
ORD-2023-000255,CUST-00255,2023-01-09,0.246,2
ORD-2023-000256,CUST-00256,2023-01-30,0.1626,1
ORD-2023-000257,CUST-00257,2023-01-27,0.0818,1
ORD-2023-000258,CUST-00258,2023-01-25,0.369,1
ORD-2023-000259,CUST-00259,2023-01-17,0.0702,1
ORD-2023-000260,CUST-00260,2023-01-27,0.0907,2
ORD-2023-000261,CUST-00261,2023-01-21,0.55,1
ORD-2023-000262,CUST-00262,2023-01-22,0.0963,3
ORD-2023-000263,CUST-00263,2023-01-19,0.1374,3
ORD-2023-000264,CUST-00264,2023-01-21,0.1294,3
ORD-2023-000265,CUST-00265,2023-01-21,0.3127,1
ORD-2023-000266,CUST-00266,2023-01-24,0.0377,2
ORD-2023-000267,CUST-00267,2023-01-18,0.066,1
ORD-2023-000268,CUST-00268,2023-01-24,0.2612,2
ORD-2023-000269,CUST-00269,2023-01-18,0.2142,1
ORD-2023-000270,CUST-00270,2023-01-27,0.0902,1
ORD-2023-000271,CUST-00271,2023-01-26,0.55,1
ORD-2023-000272,CUST-00272,2023-01-27,0.1889,3
ORD-2023-000273,CUST-00273,2023-01-20,0.0223,1
ORD-2023-000274,CUST-00274,2023-01-20,0.1666,1
ORD-2023-000275,CUST-00275,2023-01-18,0.1217,2
ORD-2023-000276,CUST-00276,2023-01-21,0.32,2
ORD-2023-000277,CUST-00277,2023-01-22,0.0922,1
ORD-2023-000278,CUST-00278,2023-01-20,0.2251,1
ORD-2023-000279,CUST-00279,2023-01-25,0.0559,1
ORD-2023-000280,CUST-00280,2023-01-23,0.0944,2
ORD-2023-000281,CUST-00281,2023-01-29,0.0748,2
ORD-2023-000282,CUST-00282,2023-01-15,0.4054,1
ORD-2023-000283,CUST-00283,2023-01-18,0.55,1
ORD-2023-000284,CUST-00284,2023-01-16,0.042,2
ORD-2023-000285,CUST-00285,2023-01-23,0.3725,1
ORD-2023-000286,CUST-00286,2023-01-31,0.3937,2
ORD-2023-000287,CUST-00287,2023-01-21,0.3819,2
ORD-2023-000288,CUST-00288,2023-01-20,0.2572,2
ORD-2023-000289,CUST-00289,2023-01-18,0.503,2
ORD-2023-000290,CUST-00290,2023-01-31,0.2939,2
ORD-2023-000291,CUST-00291,2023-01-30,0.0398,1
ORD-2023-000292,CUST-00292,2023-01-29,0.0724,2
ORD-2023-000293,CUST-00293,2023-01-31,0.1363,3
ORD-2023-000294,CUST-00294,2023-01-29,0.541,1
ORD-2023-000295,CUST-00295,2023-01-27,0.3133,2
ORD-2023-000296,CUST-00296,2023-01-10,0.4937,2
ORD-2023-000297,CUST-00297,2023-01-11,0.0834,2
ORD-2023-000298,CUST-00298,2023-01-17,0.2514,1
ORD-2023-000299,CUST-00299,2023-01-18,0.1928,3
ORD-2023-000300,CUST-00300,2023-01-29,0.0659,2
ORD-2023-000301,CUST-00301,2023-01-24,0.1048,2
ORD-2023-000302,CUST-00302,2023-01-14,0.1508,1
ORD-2023-000303,CUST-00303,2023-01-23,0.3841,1
ORD-2023-000304, CUST-00304 ,2023-01-19,0.1345,3
ORD-2023-000305,CUST-00305,2023-01-31,0.076,3
ORD-2023-000306,CUST-00306,2023-01-26,0.2883,2
ORD-2023-000307,CUST-00307,2023-01-30,0.2028,1
ORD-2023-000308,CUST-00308,2023-01-31,0.3673,1
ORD-2023-000309,CUST-00309,2023-01-17,0.0932,1
ORD-2023-000310,CUST-00310,2023-01-22,0.122,1
ORD-2023-000311,CUST-00311,2023-01-19,0.2301,2
ORD-2023-000312,CUST-00312,2023-01-26,0.1513,1
ORD-2023-000313,CUST-00313,2023-01-29,0.2227,1
ORD-2023-000314,CUST-00314,2023-01-20,0.021,1
ORD-2023-000315,CUST-00315,2023-01-26,0.2256,2
ORD-2023-000316,CUST-00316,2023-01-27,0.531,1
ORD-2023-000317,CUST-00317,2023-01-31,0.0156,1
ORD-2023-000318,CUST-00318,2023-01-19,0.2962,2
ORD-2023-000319,CUST-00319,2023-01-29,0.0548,1
ORD-2023-000320,CUST-00320,2023-01-20,0.55,1
ORD-2023-000321,CUST-00321,2023-01-04,0.2499,2
ORD-2023-000322,CUST-00322,2023-01-08,0.55,1
ORD-2023-000323,CUST-00323,2023-01-10,0.2984,1
ORD-2023-000324,CUST-00324,2023-01-24,0.5005,1
ORD-2023-000325,CUST-00325,2023-01-27,0.0262,2
ORD-2023-000326,CUST-00326,2023-01-21,0.1307,2
ORD-2023-000327,CUST-00327,2023-01-28,0.2172,1
ORD-2023-000328,CUST-00328,2023-01-16,0.0848,2
ORD-2023-000329,CUST-00329,2023-01-29,0.0551,2
ORD-2023-000330,CUST-00330,2023-01-28,0.072,2
ORD-2023-000331,CUST-00331,2023-01-27,0.0737,1
ORD-2023-000332,CUST-00332,2023-01-28,0.0251,2
ORD-2023-000333,CUST-00333,2023-01-28,0.0721,1
ORD-2023-000334,CUST-00334,2023-01-23,0.0148,2
ORD-2023-000335,CUST-00335,2023-01-30,0.1274,1
ORD-2023-000336,CUST-00336,2023-01-25,0.0471,1
ORD-2023-000337,CUST-00337,2023-01-08,0.0882,3
ORD-2023-000338,CUST-00338,2023-01-26,0.4287,2
ORD-2023-000339,CUST-00339,2023-01-29,0.0704,2
ORD-2023-000340,CUST-00340,2023-01-31,0.4422,1
ORD-2023-000341,CUST-00341,2023-01-31,0.2448,1
ORD-2023-000342,CUST-00342,2023-01-23,0.5411,1
ORD-2023-000343,CUST-00343,2023-01-29,0.023,3
ORD-2023-000344,CUST-00344,2023-01-29,0.0617,2
ORD-2023-000345,CUST-00345,2023-01-26,0.0661,1
ORD-2023-000346,CUST-00346,2023-01-26,0.2074,1
ORD-2023-000347,CUST-00347,2023-01-20,0.2193,1
ORD-2023-000348,CUST-00348,2023-01-21,0.1333,3
ORD-2023-000349,CUST-00349,2023-01-28,0.1432,1
ORD-2023-000350,CUST-00350,2023-01-23,0.0262,1
ORD-2023-000351,CUST-00351,2023-01-10,0.2879,1
ORD-2023-000352,CUST-00352,2023-01-30,0.1652,2
ORD-2023-000353,CUST-00353,2023-01-26,0.0385,2
ORD-2023-000354,CUST-00354,2023-01-28,0.3881,1
ORD-2023-000355,CUST-00355,2023-01-26,0.2135,3
ORD-2023-000356,CUST-00356,2023-01-30,0.0516,2
ORD-2023-000357,CUST-00357,2023-01-16,0.0446,1
ORD-2023-000358,CUST-00358,2023-01-27,0.1082,1
ORD-2023-000359,CUST-00359,2023-01-30,0.0442,1
ORD-2023-000360,CUST-00360,2023-01-30,0.0221,1
ORD-2023-000361,CUST-00361,2023-01-31,0.1838,1
ORD-2023-000362,CUST-00362,2023-01-16,0.0414,1
ORD-2023-000363,CUST-00363,2023-01-31,0.0354,1
ORD-2023-000364,CUST-00364,2023-01-27,0.3462,1
ORD-2023-000365,CUST-00365,2023-01-06,0.1403,2
ORD-2023-000366,CUST-00366,2023-01-30,0.0649,1
ORD-2023-000367,CUST-00367,2023-01-29,0.5319,1
ORD-2023-000368,CUST-00368,2023-01-27,0.1246,3
ORD-2023-000369,CUST-00369,2023-01-31,0.3899,2
ORD-2023-000370,CUST-00370,2023-01-31,0.1889,3
ORD-2023-000371,CUST-00371,2023-01-21,0.0445,2
ORD-2023-000372,CUST-00372,2023-01-28,0.1231,2
ORD-2023-000373,CUST-00373,2023-01-28,0.0702,2
ORD-2023-000374,CUST-00374,2023-01-12,0.0789,1
ORD-2023-000375,CUST-00375,2023-01-30,0.3621,2
ORD-2023-000376,CUST-00376,2023-01-28,0.0589,1
ORD-2023-000377,CUST-00377,2023-01-21,0.1872,3
ORD-2023-000378,CUST-00378,2023-01-26,0.2757,1
ORD-2023-000379,CUST-00379,2023-01-31,0.0284,1
ORD-2023-000380,CUST-00380,2023-01-17,0.55,1
ORD-2023-000381,CUST-00381,2023-01-24,0.0332,1
ORD-2023-000382,CUST-00382,2023-01-20,0.0516,2
ORD-2023-000383,CUST-00383,2023-01-30,0.3742,2
ORD-2023-000384,CUST-00384,2023-01-28,0.0156,1
ORD-2023-000385,CUST-00385,2023-01-19,0.4017,2
ORD-2023-000386,CUST-00386,2023-01-14,0.0742,1
ORD-2023-000387,CUST-00387,2023-01-26,0.0202,3
ORD-2023-000388,CUST-00388,2023-01-16,0.15,3
ORD-2023-000389,CUST-00389,2023-01-23,0.4432,1
ORD-2023-000390,CUST-00390,2023-01-26,0.1433,2
ORD-2023-000391,CUST-00391,2023-01-15,0.124,1
ORD-2023-000392,CUST-00392,2023-01-26,0.09,2
ORD-2023-000393,CUST-00393,2023-01-25,0.1916,2
ORD-2023-000394,CUST-00394,2023-01-19,0.1185,3
ORD-2023-000395,CUST-00395,2023-01-28,0.3392,2
ORD-2023-000396,CUST-00396,2023-01-22,0.028,1
ORD-2023-000397,CUST-00397,2023-01-31,0.0151,2
ORD-2023-000398,CUST-00398,2023-01-23,0.2002,2
ORD-2023-000399,CUST-00399,2023-01-30,0.2551,1
ORD-2023-000400,CUST-00400,2023-01-30,0.0971,3
ORD-2023-000401,CUST-00401,2023-01-29,0.2837,2
ORD-2023-000402,CUST-00402,2023-01-27,0.073,3
ORD-2023-000403,CUST-00403,2023-01-16,0.1098,1
ORD-2023-000404,,2023-01-20,0.55,1
ORD-2023-000405,CUST-00405,2023-01-28,0.0366,2
ORD-2023-000406,CUST-00406,2023-01-31,0.1688,2
ORD-2023-000407,CUST-00407,2023-01-24,0.0173,1
ORD-2023-000408,CUST-00408,2023-01-16,0.2106,1
ORD-2023-000409,CUST-00409,2023-01-29,0.0553,2
ORD-2023-000410,CUST-00410,2023-01-17,0.0529,1
ORD-2023-000411,CUST-00411,2023-01-23,0.148,1
ORD-2023-000412,CUST-00412,2023-01-17,0.1518,1
ORD-2023-000413,CUST-00413,2023-01-05,0.0211,1
ORD-2023-000414,CUST-00414,2023-01-14,0.0299,3
ORD-2023-000415,CUST-00415,2023-01-09,0.3592,1
ORD-2023-000416,CUST-00416,2023-01-29,0.0449,1
ORD-2023-000417,CUST-00417,2023-01-30,0.246,1
ORD-2023-000418,CUST-00418,2023-01-08,0.2633,1
ORD-2023-000419,CUST-00419,2023-01-21,0.0606,2
ORD-2023-000420,CUST-00420,2023-01-30,0.0124,1
ORD-2023-000421,CUST-00421,2023-01-14,0.1042,2
ORD-2023-000422,CUST-00422,2023-01-26,0.139,1
ORD-2023-000423,CUST-00423,2023-01-16,0.5298,1
ORD-2023-000424,CUST-00424,2023-01-26,0.3125,1
ORD-2023-000425,CUST-00425,2023-01-31,0.2596,1
ORD-2023-000426,CUST-00426,2023-01-25,0.1497,1
ORD-2023-000427,CUST-00427,2023-01-13,0.262,1
ORD-2023-000428,CUST-00428,2023-01-29,0.0169,1
ORD-2023-000429,CUST-00429,2023-01-29,0.1293,1
ORD-2023-000430,CUST-00430,2023-01-28,0.4516,2
ORD-2023-000431,CUST-00431,2023-01-27,0.0535,1
ORD-2023-000432,CUST-00432,2023-01-25,0.0358,1
ORD-2023-000433,CUST-00433,2023-01-26,0.415,1
ORD-2023-000434,CUST-00434,2023-01-29,0.109,3
ORD-2023-000435,CUST-00435,2023-01-29,0.3577,2
ORD-2023-000436,CUST-00436,2023-01-18,0.0146,2
ORD-2023-000437,CUST-00437,2023-01-23,0.1673,1
ORD-2023-000438,CUST-00438,2023-01-16,0.1387,1
ORD-2023-000439,CUST-00439,2023-01-15,0.496,1
ORD-2023-000440,CUST-00440,2023-01-09,0.3711,1
ORD-2023-000441,CUST-00441,2023-01-30,0.4408,2
ORD-2023-000442,CUST-00442,2023-01-25,0.3975,1
ORD-2023-000443,CUST-00443,2023-01-31,0.0324,2
ORD-2023-000444,CUST-00444,2023-01-21,0.4536,2
ORD-2023-000445,CUST-00445,2023-01-09,0.0868,4
ORD-2023-000446,CUST-00446,2023-01-26,0.0538,1
ORD-2023-000447,CUST-00447,2023-01-22,0.2667,1
ORD-2023-000448,CUST-00448,2023-01-20,0.2048,1
ORD-2023-000449,CUST-00449,2023-01-25,0.4251,1
ORD-2023-000450,CUST-00450,2023-01-26,0.4559,1
ORD-2023-000451,CUST-00451,2023-01-27,0.1755,1
ORD-2023-000452,CUST-00452,2023-01-28,0.3985,2
ORD-2023-000453,CUST-00453,2023-01-10,0.0519,1
ORD-2023-000454,CUST-00454,2023-01-31,0.2604,2
ORD-2023-000455,CUST-00455,2023-01-22,0.4583,2
ORD-2023-000456,CUST-00456,2023-01-26,0.0922,1
ORD-2023-000457,CUST-00457,2023-01-08,0.4416,1
ORD-2023-000458,CUST-00458,2023-01-22,0.115,2
ORD-2023-000459,CUST-00459,2023-01-29,0.4806,2
ORD-2023-000460,CUST-00460,2023-01-31,0.25,1
ORD-2023-000461,CUST-00461,2023-01-31,0.2599,1
ORD-2023-000462,CUST-00462,2023-01-25,0.1185,1
ORD-2023-000463,CUST-00463,2023-01-24,0.1625,1
ORD-2023-000464,CUST-00464,2023-01-31,0.1797,1
ORD-2023-000465,CUST-00465,2023-01-30,0.0535,1
ORD-2023-000466,CUST-00466,2023-01-04,0.1114,2
ORD-2023-000467,CUST-00467,2023-01-29,0.0419,1
ORD-2023-000468,CUST-00468,2023-01-12,0.1138,1
ORD-2023-000469,CUST-00469,2023-01-16,0.5238,1
ORD-2023-000470,CUST-00470,2023-01-26,0.55,1
ORD-2023-000471,CUST-00471,2023-01-21,0.1578,3
ORD-2023-000472,CUST-00472,2023-01-25,0.2011,2
ORD-2023-000473,CUST-00473,2023-01-18,0.2047,1
ORD-2023-000474,CUST-00474,2023-01-18,0.1449,3
ORD-2023-000475,CUST-00475,2023-01-30,0.1017,3
ORD-2023-000476,CUST-00476,2023-01-24,0.2186,1
ORD-2023-000477,CUST-00477,2023-01-29,0.0106,1
ORD-2023-000478,CUST-00478,2023-01-30,0.0443,1
ORD-2023-000479,CUST-00479,2023-01-11,0.1641,2
ORD-2023-000480,CUST-00480,2023-01-12,0.0604,2
ORD-2023-000481,CUST-00481,2023-01-23,0.5118,2
ORD-2023-000482,CUST-00482,2023-01-26,0.0713,1
ORD-2023-000483,CUST-00483,2023-01-23,0.4707,1
ORD-2023-000484,CUST-00484,2023-01-23,0.3347,1
ORD-2023-000485,CUST-00485,2023-01-23,0.1497,1
ORD-2023-000486,CUST-00486,2023-01-25,0.55,1
ORD-2023-000487,CUST-00487,2023-01-28,0.1949,2
ORD-2023-000488,CUST-00488,2023-01-25,0.1237,2
ORD-2023-000489,CUST-00489,2023-01-31,0.268,2
ORD-2023-000490,CUST-00490,2023-01-16,0.4639,1
ORD-2023-000491,CUST-00491,2023-01-08,0.2545,1
ORD-2023-000492,CUST-00492,2023-01-29,0.0046,1
ORD-2023-000493,CUST-00493,2023-01-19,0.1689,3
ORD-2023-000494,CUST-00494,2023-01-24,0.2753,2
ORD-2023-000495,CUST-00495,2023-01-29,0.0473,1
ORD-2023-000496,CUST-00496,2023-01-25,0.55,1
ORD-2023-000497,CUST-00497,2023-01-22,0.0626,3
ORD-2023-000498,CUST-00498,2023-01-24,0.1673,2
ORD-2023-000499,CUST-00499,2023-01-26,0.55,1
ORD-2023-000500,CUST-00500,2023-01-25,0.2707,1
ORD-2023-000501,CUST-00501,2023-01-27,0.1091,2
ORD-2023-000502,CUST-00502,2023-01-06,0.0871,4
ORD-2023-000503,CUST-00503,2023-01-31,0.491,1
ORD-2023-000504,CUST-00504,2023-01-13,0.2403,1
ORD-2023-000505,CUST-00505,2023-01-26,0.2304,3
ORD-2023-000506,CUST-00506,2023-01-28,0.0421,2
ORD-2023-000507,CUST-00507,2023-01-30,0.0399,1
ORD-2023-000508,CUST-00508,2023-01-06,0.0334,1
ORD-2023-000509,CUST-00509,2023-01-31,0.0911,2
ORD-2023-000510,CUST-00510,2023-01-29,0.2674,1
ORD-2023-000511,CUST-00511,2023-01-11,0.2084,1
ORD-2023-000512,CUST-00512,2023-01-30,0.2969,3
ORD-2023-000513,CUST-00513,2023-01-24,0.0365,2
ORD-2023-000514,CUST-00514,2023-01-07,0.0127,2
ORD-2023-000515,CUST-00515,2023-01-28,0.55,1
ORD-2023-000516,CUST-00516,2023-01-26,0.1132,3
ORD-2023-000517,CUST-00517,2023-01-28,0.3054,1
ORD-2023-000518,CUST-00518,2023-01-13,0.1001,1
ORD-2023-000519,CUST-00519,2023-01-29,0.2614,2
ORD-2023-000520,CUST-00127,2023-01-29,0.1225,1
ORD-2023-000521,CUST-00472,2023-01-29,0.0946,1
ORD-2023-000522,CUST-00179,2023-01-30,0.1404,1
ORD-2023-000523,CUST-00273,2023-01-31,0.0429,1
ORD-2023-000524,CUST-00410,2023-01-20,0.0108,2
ORD-2023-000525,CUST-00291,2023-01-11,0.0561,3
ORD-2023-000526,CUST-00291,2023-01-24,0.0507,1
ORD-2023-000527,CUST-00039,2023-01-10,0.0746,1
ORD-2023-000528,CUST-00458,2023-01-21,0.154,2
ORD-2023-000529,CUST-00363,2023-01-06,0.0966,3
ORD-2023-000530,CUST-00350,2023-01-02,0.0308,2
ORD-2023-000531,CUST-00202,2023-01-31,0.0826,1
ORD-2023-000532,CUST-00394,2023-01-15,0.046,2
ORD-2023-000533,CUST-00394,2023-01-02,0.133,2
ORD-2023-000534,CUST-00010,2023-01-30,0.0061,1
ORD-2023-000535,CUST-00078,2023-01-12,0.0943,2
ORD-2023-000536,CUST-00397,2023-01-23,0.0217,2
ORD-2023-000537,CUST-00273,2023-01-21,0.0517,2
ORD-2023-000538,CUST-00502,2023-01-20,0.1301,1
ORD-2023-000539,CUST-00214,2023-01-31,0.2228,1
ORD-2023-000540,CUST-00104,2023-01-11,0.1335,4
ORD-2023-000541,CUST-00039,2023-01-12,0.2548,1
ORD-2023-000542,CUST-00412,2023-01-21,0.0828,3
ORD-2023-000543,CUST-00273,2023-01-28,0.0333,1
ORD-2023-000544,CUST-00273,2023-01-22,0.0605,2
ORD-2023-000545,CUST-00096,2023-01-08,0.0909,2
ORD-2023-000546,CUST-00039,,0.0648,4
ORD-2023-000547,CUST-00192,2023-01-21,0.0397,3
ORD-2023-000548,CUST-00410,2023-01-20,0.1214,1
ORD-2023-000549,CUST-00096,2023-01-21,0.1494,2
ORD-2023-000550,CUST-00301,2023-01-27,0.1869,1
ORD-2023-000551,CUST-00502,2023-01-25,0.106,5
ORD-2023-000552,CUST-00410,2023-01-18,0.0395,2
ORD-2023-000553,CUST-00514,2023-01-13,0.0049,1
ORD-2023-000554,CUST-00057,2023-01-17,0.0845,1
ORD-2023-000555,CUST-00350,2023-01-05,0.0988,1
ORD-2023-000556,CUST-00493,2023-01-31,0.0348,1
ORD-2023-000557,CUST-00482,2023-01-21,0.2799,1
ORD-2023-000558,CUST-00394,2023-01-19,0.171,2
ORD-2023-000559,CUST-00393,2023-01-09,0.0431,1
ORD-2023-000560,CUST-00476,2023-01-29,0.0576,3
ORD-2023-000561,CUST-00394,2023-01-17,0.0943,2
ORD-2023-000562,CUST-00456,2023-01-24,0.0497,2
ORD-2023-000563,CUST-00413,2023-01-30,0.0866,1
ORD-2023-000564,CUST-00096,2023-01-28,0.1241,2
ORD-2023-000565,CUST-00447,2023-01-17,0.1328,1
ORD-2023-000566,CUST-00183,2023-01-28,0.0348,1
ORD-2023-000567,CUST-00291,2023-01-10,0.0368,1
ORD-2023-000568,CUST-00026,2023-01-13,0.0345,1
ORD-2023-000569, CUST-00456 ,2023-01-31,0.1496,5
ORD-2023-000570,CUST-00413,2023-01-06,0.0292,1
ORD-2023-000571,CUST-00482,2023-01-03,0.0714,1
ORD-2023-000572,CUST-00127,2023-01-27,0.0921,1
ORD-2023-000573,CUST-00127,2023-01-16,0.1405,3
ORD-2023-000574,CUST-00350,2023-01-20,0.0549,1
ORD-2023-000575,CUST-00350,2023-01-02,0.044,2
ORD-2023-000576,CUST-00192,2023-01-17,0.0556,3
ORD-2023-000577,CUST-00079,2023-01-12,0.0323,1
ORD-2023-000578,CUST-00422,2023-01-05,0.0907,2
ORD-2023-000579,CUST-00462,2023-01-23,0.0449,1
ORD-2023-000580,CUST-00363,2023-01-01,0.0269,3
ORD-2023-000581,CUST-00413,2023-01-22,0.0352,4
ORD-2023-000582,CUST-00329,2023-01-30,0.2076,2
ORD-2023-000583,CUST-00422,2023-01-03,0.0729,1
ORD-2023-000584,CUST-00362,2023-01-27,0.0301,2
ORD-2023-000585,CUST-00382,2023-01-15,0.1728,1
ORD-2023-000586,CUST-00487,2023-01-20,0.0912,3
ORD-2023-000587,CUST-00393,2023-01-13,0.0924,2
ORD-2023-000588,CUST-00397,2023-01-19,0.0215,2
ORD-2023-000589,CUST-00039,2023-01-18,0.1166,1
ORD-2023-000590,CUST-00363,2023-01-17,0.1143,1
ORD-2023-000591,CUST-00192,2023-01-19,0.0613,1
ORD-2023-000592,CUST-00410,2023-01-19,0.0226,1
ORD-2023-000593,CUST-00502,2023-01-11,0.0754,1
ORD-2023-000594,CUST-00182,2023-01-07,0.1435,3
ORD-2023-000595,CUST-00462,2023-01-21,0.0673,1
ORD-2023-000596,CUST-00493,2023-01-09,0.0675,2
ORD-2023-000597,CUST-00493,2023-01-22,0.046,1
ORD-2023-000598,CUST-00462,2023-01-28,0.0824,4
ORD-2023-000599,CUST-00273,2023-01-15,0.1256,1
ORD-2023-000600,CUST-00407,2023-01-19,0.0436,1
ORD-2023-000601,CUST-00358,2023-01-09,0.0873,2
ORD-2023-000602,CUST-00502,2023-01-16,0.0725,1
ORD-2023-000603,CUST-00104,2023-01-15,0.2927,1
ORD-2023-000604,CUST-00476,2023-01-13,0.0455,1
ORD-2023-000605,CUST-00104,2023-01-13,0.0849,3
ORD-2023-000606,CUST-00407,2023-01-04,0.0393,4
ORD-2023-000607,CUST-00176,2023-01-11,0.0266,3
ORD-2023-000608,CUST-00376,2023-01-01,0.0513,1
ORD-2023-000609,CUST-00453,2023-01-13,0.0161,1
ORD-2023-000610,CUST-00407,2023-01-10,0.0319,1
ORD-2023-000611,CUST-00476,2023-01-08,0.0736,1
ORD-2023-000612,CUST-00422,2023-01-20,0.1512,1
ORD-2023-000613,CUST-00407,2023-01-19,0.0333,1
ORD-2023-000614,CUST-00393,2023-01-06,0.068,3
ORD-2023-000615,CUST-00482,2023-01-20,0.1068,1
ORD-2023-000616,CUST-00291,2023-01-19,0.0717,2
ORD-2023-000617,CUST-00422,2023-01-20,0.0791,1
ORD-2023-000618,CUST-00413,2023-01-10,0.0377,1
ORD-2023-000619,CUST-00458,2023-01-10,0.0712,1
ORD-2023-000620,CUST-00029,2023-01-01,0.0795,1
ORD-2023-000621,CUST-00152,2023-01-10,0.0366,3
ORD-2023-000622,CUST-00301,2023-01-22,0.1049,1
ORD-2023-000623,CUST-00394,2023-01-26,0.0585,1
ORD-2023-000624,CUST-00397,2023-01-12,0.0352,1
ORD-2023-000625,CUST-00458,2023-01-01,0.0553,1
ORD-2023-000626,CUST-00192,2023-01-16,0.0771,2
ORD-2023-000627,CUST-00382,2023-01-20,0.1229,2
ORD-2023-000628,CUST-00357,2023-01-08,0.0895,1
ORD-2023-000629,CUST-00192,2023-01-01,0.0593,2
ORD-2023-000630,CUST-00104,2023-01-09,0.118,1
ORD-2023-000631,CUST-00362,2023-01-02,0.0851,1
ORD-2023-000632,CUST-00152,2023-01-30,0.0269,2
ORD-2023-000633,CUST-00181,2023-01-02,0.0845,1
ORD-2023-000634,CUST-00398,2023-01-10,0.4183,2
ORD-2023-000635,CUST-00363,2023-01-19,0.0394,1
ORD-2023-000636,CUST-00382,2023-01-05,0.0823,2
ORD-2023-000637,CUST-00483,2023-01-20,0.401,2
ORD-2023-000638,CUST-00493,2023-01-02,0.0461,1
ORD-2023-000639,CUST-00362,2023-01-14,0.0281,1
ORD-2023-000640,CUST-00468,2023-01-02,0.1011,1
ORD-2023-000641,CUST-00382,2023-01-02,0.0222,2
ORD-2023-000642,CUST-00190,2023-01-22,0.0874,1
ORD-2023-000643,CUST-00029,2023-01-10,0.0633,3
ORD-2023-000644,CUST-00462,2023-01-22,0.0157,1
ORD-2023-000645,CUST-00493,2023-01-04,0.0801,3
ORD-2023-000646,CUST-00397,2023-01-14,0.0348,5
ORD-2023-000647,CUST-00022,2023-01-01,0.0899,1
ORD-2023-000648,CUST-00301,2023-01-31,0.1279,2
ORD-2023-000649,CUST-00413,2023-01-24,0.043,1
ORD-2023-000650,CUST-00205,2023-01-03,0.0625,2
ORD-2023-000651,CUST-00382,2023-01-30,0.0793,5
ORD-2023-000652,CUST-00456,2023-01-11,0.0664,2
ORD-2023-000653,CUST-00096,2023-01-12,0.1185,2
ORD-2023-000654,CUST-00301,2023-01-07,0.0708,1
ORD-2023-000655,CUST-00226,2023-01-11,0.0243,1
ORD-2023-000656,CUST-00393,2023-01-01,0.0462,2
ORD-2023-000657,CUST-00466,2023-01-05,0.0932,2
ORD-2023-000658,CUST-00068,2023-01-21,0.0875,3
ORD-2023-000659,CUST-00272,2023-01-06,0.3341,1
ORD-2023-000660,CUST-00029,2023-01-04,0.0698,1
ORD-2023-000661,CUST-00005,2023-01-28,0.0697,1
ORD-2023-000662,CUST-00358,2023-01-23,0.0184,1
ORD-2023-000663,CUST-00458,2023-01-02,0.213,1
ORD-2023-000664,CUST-00147,2023-01-10,0.0958,3
ORD-2023-000665,CUST-00144,2023-01-09,0.1008,1
ORD-2023-000666,CUST-00208,2023-01-10,0.55,2
ORD-2023-000667,CUST-00280,2023-01-17,0.0816,1
ORD-2023-000668,CUST-00337,2023-01-31,0.1258,3
ORD-2023-000669,CUST-00362,2023-01-03,0.032,1
ORD-2023-000670,CUST-00511,2023-01-26,0.166,1
ORD-2023-000671,CUST-00476,2023-01-17,0.0653,2
ORD-2023-000672,CUST-00478,2023-01-16,0.095,2
ORD-2023-000673,CUST-00456,2023-01-07,0.1536,2
ORD-2023-000674,CUST-00363,2023-01-10,0.0312,1
ORD-2023-000675,CUST-00397,2023-01-05,0.0353,3
ORD-2023-000676,CUST-00502,2023-01-17,0.1017,2
ORD-2023-000677,CUST-00029,2023-01-23,0.0912,2
ORD-2023-000678,CUST-00097,2023-01-19,0.0947,1
ORD-2023-000679,CUST-00033,2023-01-14,0.0428,2
ORD-2023-000680,CUST-00279,2023-01-08,0.3959,1
ORD-2023-000681,CUST-00104,2023-01-21,0.1241,1
ORD-2023-000682,CUST-00350,2023-01-30,0.0254,1
ORD-2023-000683,CUST-00426,2023-01-12,0.0868,1
ORD-2023-000684,CUST-00180,2023-01-31,0.0072,2
ORD-2023-000685,CUST-00497,2023-01-15,0.11,1
ORD-2023-000686,CUST-00069,2023-01-19,0.0126,1
ORD-2023-000687,CUST-00223,2023-01-13,0.0195,3
ORD-2023-000688,CUST-00003,2023-01-14,0.0631,2
ORD-2023-000689,CUST-00393,2023-01-15,0.0992,1
ORD-2023-000690,CUST-00300,2023-01-21,0.0919,2
ORD-2023-000691,CUST-00127,2023-01-17,0.0381,1
ORD-2023-000692,CUST-00127,2023-01-29,0.0767,1
ORD-2023-000693,CUST-00096,2023-01-01,0.0957,1
ORD-2023-000694,CUST-00426,2023-01-13,0.0621,1
ORD-2023-000695,CUST-00090,2023-01-11,0.0119,1
ORD-2023-000696,CUST-00458,2023-01-23,0.1301,3
ORD-2023-000697,CUST-00407,2023-01-31,0.0281,3
ORD-2023-000698,CUST-00181,2023-01-17,0.1281,1
ORD-2023-000699,CUST-00301,2023-01-05,0.1453,1
ORD-2023-000700,CUST-00129,2023-01-07,0.054,1
ORD-2023-000701,CUST-00372,2023-01-06,0.0112,1
ORD-2023-000702,CUST-00476,2023-01-18,0.1185,2
ORD-2023-000703,CUST-00480,2023-01-12,0.1743,1
ORD-2023-000704,CUST-00082,2023-01-02,0.2346,3
ORD-2023-000705,CUST-00410,2023-01-21,0.0151,1
ORD-2023-000706,CUST-00505,2023-01-27,0.3599,1
ORD-2023-000707,CUST-00434,2023-01-26,0.157,3
ORD-2023-000708,CUST-00148,2023-01-29,0.0395,3
ORD-2023-000709,CUST-00422,2023-01-18,0.1132,1
ORD-2023-000710,CUST-00265,2023-01-28,0.3766,3
ORD-2023-000711,CUST-00357,2023-01-02,0.0351,1
ORD-2023-000712,CUST-00029,2023-01-09,0.0347,2
ORD-2023-000713,CUST-00178,2023-01-14,0.1837,1
ORD-2023-000714,CUST-00039,2023-01-17,0.1259,2
ORD-2023-000715,CUST-00506,2023-01-10,0.1198,1
ORD-2023-000716,CUST-00262,2023-01-21,0.108,1
ORD-2023-000717,CUST-00392,2023-01-30,0.0073,1
ORD-2023-000718,CUST-00017,2023-01-02,0.0827,2
ORD-2023-000719,CUST-00284,2023-01-12,0.022,3
ORD-2023-000720,CUST-00260,2023-01-17,0.2541,1
ORD-2023-000721,CUST-00200,2023-01-15,0.0922,1
ORD-2023-000722,CUST-00453,2023-01-08,0.0974,3
ORD-2023-000723,CUST-00482,2023-01-09,0.4138,1
ORD-2023-000724,CUST-00377,2023-01-27,0.1571,2
ORD-2023-000725,CUST-00501,2023-01-12,0.0333,2
ORD-2023-000726,CUST-00482,2023-01-31,0.1856,1
ORD-2023-000727,CUST-00260,2023-01-04,0.0357,1
ORD-2023-000728,CUST-00068,2023-01-15,0.1259,1
ORD-2023-000729,CUST-00108,2023-01-17,0.2604,1
ORD-2023-000730,CUST-00272,2023-01-17,0.166,1
ORD-2023-000731,CUST-00021,2023-01-17,0.1618,1
ORD-2023-000732,CUST-00252,2023-01-11,0.0781,1
ORD-2023-000733,CUST-00353,2023-01-08,0.0509,1
ORD-2023-000734,CUST-00291,2023-01-10,0.0997,2
ORD-2023-000735,CUST-00021,2023-01-20,0.1029,1
ORD-2023-000736,CUST-00473,2023-01-05,0.118,1
ORD-2023-000737,CUST-00238,2023-01-31,0.0933,1
ORD-2023-000738,CUST-00343,2023-01-15,0.0628,5
ORD-2023-000739,CUST-00268,2023-01-12,0.2099,3
ORD-2023-000740,CUST-00408,2023-01-23,0.0774,1
ORD-2023-000741,CUST-00003,2023-01-18,0.0956,1
ORD-2023-000742,CUST-00176,2023-01-19,0.013,2
ORD-2023-000743,CUST-00456,2023-01-06,0.1025,2
ORD-2023-000744,CUST-00462,2023-01-23,0.0579,1
ORD-2023-000745,CUST-00123,2023-01-26,0.0888,2
ORD-2023-000746,CUST-00252,2023-01-22,0.0718,1
ORD-2023-000747,CUST-00418,2023-01-08,0.1979,1
ORD-2023-000748,CUST-00205,2023-01-23,0.0703,2
ORD-2023-000749,CUST-00229,2023-01-14,0.2005,3
ORD-2023-000750,CUST-00090,2023-01-17,0.0922,1
ORD-2023-000751,CUST-00163,2023-01-22,0.0246,2
ORD-2023-000752,CUST-00266,2023-01-20,0.0463,3
ORD-2023-000753,CUST-00027,2023-01-21,0.0123,1
ORD-2023-000754,CUST-00074,2023-01-27,0.2877,2
ORD-2023-000755,CUST-00053,2023-01-28,0.0503,1
ORD-2023-000756,CUST-00025,2023-01-16,0.0202,1
ORD-2023-000757,CUST-00340,2023-01-16,0.2515,1
ORD-2023-000758,CUST-00013,2023-01-30,0.1154,2
ORD-2023-000759,CUST-00233,2023-01-10,0.0906,1
ORD-2023-000760,CUST-00349,2023-01-02,0.0903,3
ORD-2023-000761,CUST-00202,2023-01-11,0.006,1
ORD-2023-000762,CUST-00076,2023-01-03,0.0601,1
ORD-2023-000763,CUST-00121,2023-01-12,0.55,1
ORD-2023-000764,CUST-00081,2023-01-29,0.4125,2
ORD-2023-000765,CUST-00194,2023-01-02,0.1842,1
ORD-2023-000766,CUST-00216,2023-01-03,0.0386,3
ORD-2023-000767,CUST-00118,2023-01-30,0.1551,1
ORD-2023-000768,CUST-00131,2023-01-17,0.2953,1
ORD-2023-000769,CUST-00331,2023-01-20,0.0904,2
ORD-2023-000770,CUST-00014,2023-01-25,0.1296,1
ORD-2023-000771,CUST-00227,2023-01-26,0.0525,1
ORD-2023-000772,CUST-00472,2023-01-25,0.31,1
ORD-2023-000773,CUST-00365,2023-01-27,0.0854,1
ORD-2023-000774,CUST-00183,2023-01-08,0.2549,1
ORD-2023-000775,CUST-00277,2023-01-14,0.0225,1
ORD-2023-000776,CUST-00509,2023-01-20,0.1683,1
ORD-2023-000777,CUST-00362,2023-01-14,0.0427,1
ORD-2023-000778,CUST-00312,2023-01-13,0.2592,1
ORD-2023-000779,CUST-00285,2023-01-14,0.2885,2
ORD-2023-000780,CUST-00443,2023-01-04,0.0888,3
ORD-2023-000781,CUST-00113,2023-01-20,0.0595,2
ORD-2023-000782,CUST-00304,2023-01-05,0.255,2
ORD-2023-000783,CUST-00190,2023-01-27,0.0167,1
ORD-2023-000784,CUST-00239,2023-01-19,0.0427,1
ORD-2023-000785,CUST-00022,2023-01-28,0.0724,2
ORD-2023-000786,CUST-00384,2023-01-18,0.0699,2
ORD-2023-000787,CUST-00107,2023-01-07,0.199,3
ORD-2023-000788,CUST-00293,2023-01-16,0.3669,1
ORD-2023-000789,CUST-00468,2023-01-30,0.0058,1
ORD-2023-000790,CUST-00147,2023-01-23,0.0989,1
ORD-2023-000791,CUST-00180,2023-01-20,0.0177,3
ORD-2023-000792,CUST-00218,2023-01-25,0.1177,2
ORD-2023-000793,CUST-00275,2023-01-06,0.0389,1
ORD-2023-000794,CUST-00128,2023-01-12,0.342,1
ORD-2023-000795,CUST-00330,2023-01-02,0.081,1
ORD-2023-000796,CUST-00049,2023-01-15,0.0706,3
ORD-2023-000797,CUST-00262,2023-01-14,0.2089,5
ORD-2023-000798,CUST-00200,2023-01-12,0.1248,2
ORD-2023-000799,CUST-00194,2023-01-08,0.0689,1
ORD-2023-000800,CUST-00317,2023-01-08,0.0122,1
ORD-2023-000801,CUST-00269,2023-01-08,0.2454,2
ORD-2023-000802,CUST-00040,2023-01-02,0.1697,1
ORD-2023-000803,,2023-01-24,0.1915,1
ORD-2023-000804,CUST-00371,2023-01-02,0.0649,2
ORD-2023-000805,CUST-00009,2023-01-20,0.3335,2
ORD-2023-000806,CUST-00509,2023-01-22,0.1907,1
ORD-2023-000807,CUST-00345,2023-01-21,0.0708,1
ORD-2023-000808,CUST-00140,2023-01-01,0.133,2
ORD-2023-000809,CUST-00222,2023-01-03,0.0449,1
ORD-2023-000810,CUST-00336,2023-01-05,0.0624,1
ORD-2023-000811, CUST-00105 ,2023-01-09,0.0675,1
ORD-2023-000812,CUST-00352,2023-01-21,0.089,1
ORD-2023-000813,CUST-00148,2023-01-29,0.1481,1
ORD-2023-000814,CUST-00215,2023-01-17,0.0394,1
ORD-2023-000815,CUST-00020,2023-01-01,0.0204,4
ORD-2023-000816,CUST-00001,2023-01-07,0.2095,3
ORD-2023-000817,CUST-00222,2023-01-15,0.0684,3
ORD-2023-000818,CUST-00402,2023-01-05,0.0742,5
ORD-2023-000819,CUST-00500,2023-01-27,0.2198,1
ORD-2023-000820,CUST-00396,2023-01-20,0.1557,1
ORD-2023-000821,CUST-00066,2023-01-01,0.1542,3
ORD-2023-000822,CUST-00143,2023-01-08,0.4519,3
ORD-2023-000823,CUST-00219,2023-01-02,0.2969,3
ORD-2023-000824,CUST-00238,2023-01-22,0.0953,4
ORD-2023-000825,CUST-00141,2023-01-06,0.1002,2
ORD-2023-000826,CUST-00395,2023-01-01,0.1106,1
ORD-2023-000827,CUST-00471,2023-01-29,0.2755,2
ORD-2023-000828,CUST-00295,2023-01-11,0.2658,1
ORD-2023-000829,CUST-00097,2023-01-16,0.1522,1
ORD-2023-000830,CUST-00161,2023-01-10,0.0342,1
ORD-2023-000831,CUST-00227,2023-01-30,0.0874,4
ORD-2023-000832,CUST-00123,2023-01-24,0.0248,1
ORD-2023-000833,CUST-00185,2023-01-03,0.0206,1
ORD-2023-000834,CUST-00216,2023-01-01,0.0475,1
ORD-2023-000835,CUST-00415,2023-01-19,0.2646,2
ORD-2023-000836,CUST-00402,2023-01-02,0.0294,3
ORD-2023-000837,CUST-00396,2023-01-10,0.1251,3
ORD-2023-000838,CUST-00133,2023-01-26,0.0235,3
ORD-2023-000839,CUST-00208,2023-01-05,0.2388,3
ORD-2023-000840,CUST-00187,2023-01-08,0.1735,1
ORD-2023-000841,CUST-00226,2023-01-30,0.1578,2
ORD-2023-000842,CUST-00412,2023-01-02,0.0466,2
ORD-2023-000843,CUST-00221,2023-01-18,0.1192,1
ORD-2023-000844,CUST-00377,2023-01-03,0.1602,2
ORD-2023-000845,CUST-00239,2023-01-11,0.0867,3
ORD-2023-000846,CUST-00307,2023-01-21,0.1288,2
ORD-2023-000847,CUST-00492,2023-01-20,0.2071,3
ORD-2023-000848,CUST-00384,2023-01-16,0.022,1
ORD-2023-000849,CUST-00155,2023-01-04,0.0697,1
ORD-2023-000850,CUST-00467,2023-01-07,0.0959,1
ORD-2023-000851,CUST-00114,2023-01-31,0.0653,1
ORD-2023-000852,CUST-00329,2023-01-10,0.3615,1
ORD-2023-000853,CUST-00020,2023-01-03,0.0245,1
ORD-2023-000854,CUST-00106,2023-01-27,0.0424,1
ORD-2023-000855,CUST-00428,2023-01-30,0.0283,3
ORD-2023-000856,CUST-00467,2023-01-21,0.0505,1
ORD-2023-000857,CUST-00065,2023-01-10,0.0542,1
ORD-2023-000858,CUST-00392,2023-01-18,0.0785,2
ORD-2023-000859,CUST-00259,2023-01-28,0.2324,2
ORD-2023-000860,CUST-00113,2023-01-26,0.0378,1
ORD-2023-000861,CUST-00349,2023-01-22,0.1225,2
ORD-2023-000862,CUST-00187,2023-01-03,0.1627,1
ORD-2023-000863,CUST-00153,2023-01-26,0.0167,1
ORD-2023-000864,CUST-00140,2023-01-02,0.0454,2
ORD-2023-000865,CUST-00263,2023-01-18,0.2283,1
ORD-2023-000866,CUST-00275,2023-01-26,0.1574,3
ORD-2023-000867,CUST-00403,2023-01-11,0.3392,2
ORD-2023-000868,CUST-00172,2023-01-20,0.0304,1
ORD-2023-000869,CUST-00182,2023-01-30,0.0699,1
ORD-2023-000870,CUST-00160,2023-01-11,0.179,3
ORD-2023-000871,CUST-00172,2023-01-18,0.0489,1
ORD-2023-000872,CUST-00041,2023-01-10,0.1325,2
ORD-2023-000873,CUST-00414,2023-01-26,0.0397,5
ORD-2023-000874,CUST-00027,2023-01-12,0.0501,1
ORD-2023-000875,CUST-00465,2023-01-01,0.1,3
ORD-2023-000876,CUST-00145,2023-01-10,0.1282,4
ORD-2023-000877,CUST-00217,2023-01-10,0.3596,1
ORD-2023-000878,CUST-00072,2023-01-13,0.0809,1
ORD-2023-000879,CUST-00053,2023-01-17,0.0881,2
ORD-2023-000880,CUST-00133,2023-01-13,0.02,1
ORD-2023-000881,CUST-00008,2023-01-29,0.116,1
ORD-2023-000882,CUST-00303,2023-01-27,0.3666,1
ORD-2023-000883,CUST-00067,2023-01-23,0.1219,3
ORD-2023-000884,CUST-00313,2023-01-26,0.1071,1
ORD-2023-000885,CUST-00348,2023-01-13,0.083,1
ORD-2023-000886,CUST-00436,2023-01-02,0.0425,2
ORD-2023-000887,CUST-00065,2023-01-02,0.0037,1
ORD-2023-000888,CUST-00464,2023-01-31,0.1078,3
ORD-2023-000889,CUST-00132,2023-01-08,0.3554,2
ORD-2023-000890,CUST-00486,2023-01-12,0.295,2
ORD-2023-000891,CUST-00421,2023-01-25,0.0451,1
ORD-2023-000892,CUST-00135,2023-01-29,0.1032,2
ORD-2023-000893,CUST-00274,2023-01-27,0.1475,1
ORD-2023-000894,CUST-00217,2023-01-20,0.215,3
ORD-2023-000895,CUST-00092,2023-01-18,0.1621,2
ORD-2023-000896,CUST-00270,2023-01-08,0.1565,3
ORD-2023-000897,CUST-00088,2023-01-02,0.2024,1
ORD-2023-000898,CUST-00405,2023-01-06,0.0401,1
ORD-2023-000899,CUST-00513,2023-01-05,0.0168,3
ORD-2023-000900,CUST-00177,2023-01-20,0.1792,3
ORD-2023-000901,CUST-00106,2023-01-26,0.0881,4
ORD-2023-000902,CUST-00037,2023-01-15,0.0894,2
ORD-2023-000903,CUST-00312,2023-01-10,0.3548,1
ORD-2023-000904,CUST-00497,2023-01-16,0.0338,1
ORD-2023-000905,CUST-00466,2023-01-15,0.0986,3
ORD-2023-000906,CUST-00214,2023-01-25,0.0521,2
ORD-2023-000907,CUST-00164,2023-01-24,0.0969,1
ORD-2023-000908,CUST-00295,2023-01-01,0.0283,1
ORD-2023-000909,CUST-00032,2023-01-25,0.3493,1
ORD-2023-000910,CUST-00473,2023-01-15,0.1447,1
ORD-2023-000911,CUST-00330,2023-01-26,0.1623,2
ORD-2023-000912,CUST-00112,2023-01-11,0.1783,1
ORD-2023-000913,CUST-00339,2023-01-23,0.1529,2
ORD-2023-000914,CUST-00116,2023-01-21,0.1457,2
ORD-2023-000915,CUST-00479,2023-01-10,0.2161,1
ORD-2023-000916,CUST-00508,2023-01-06,0.0332,1
ORD-2023-000917,CUST-00236,2023-01-05,0.1175,1
ORD-2023-000918,CUST-00203,2023-01-25,0.1694,1
ORD-2023-000919,CUST-00080,2023-01-20,0.5118,1
ORD-2023-000920,CUST-00177,2023-01-31,0.1656,1
ORD-2023-000921,CUST-00447,2023-01-24,0.1056,3
ORD-2023-000922,CUST-00409,2023-01-17,0.0357,2
ORD-2023-000923,CUST-00475,2023-01-06,0.1223,1
ORD-2023-000924,CUST-00215,2023-01-18,0.079,2
ORD-2023-000925,CUST-00395,2023-01-01,0.4153,1
ORD-2023-000926,CUST-00005,2023-01-24,0.1217,1
ORD-2023-000927,CUST-00048,2023-01-15,0.0714,3
ORD-2023-000928,,2023-01-14,0.0556,3
ORD-2023-000929,CUST-00365,2023-01-16,0.1175,3
ORD-2023-000930,CUST-00233,2023-01-13,0.0219,2
ORD-2023-000931,CUST-00259,2023-01-16,0.2233,2
ORD-2023-000932,CUST-00421,2023-01-30,0.1346,2
ORD-2023-000933,CUST-00025,2023-01-17,0.0195,2
ORD-2023-000934,CUST-00228,2023-01-30,0.0324,2
ORD-2023-000935,CUST-00144,2023-01-12,0.0066,1
ORD-2023-000936,CUST-00023,2023-01-18,0.3302,2
ORD-2023-000937,CUST-00338,2023-01-18,0.0937,2
ORD-2023-000938,CUST-00267,2023-01-20,0.0129,1
ORD-2023-000939,CUST-00328,2023-01-10,0.0516,1
ORD-2023-000940,CUST-00112,2023-01-17,0.0324,1
ORD-2023-000941,CUST-00477,2023-01-30,0.1693,4
ORD-2023-000942,CUST-00033,2023-01-17,0.0662,3
ORD-2023-000943,CUST-00010,2023-01-01,0.1067,1
ORD-2023-000944,CUST-00084,2023-01-06,0.0476,1
ORD-2023-000945,CUST-00480,2023-01-04,0.0739,1
ORD-2023-000946,CUST-00045,2023-01-06,0.207,2
ORD-2023-000947,CUST-00328,2023-01-16,0.1026,3
ORD-2023-000948,CUST-00415,2023-01-16,0.55,1
ORD-2023-000949,CUST-00064,2023-01-09,0.0557,3
ORD-2023-000950,CUST-00419,2023-01-23,0.1148,1
ORD-2023-000951,CUST-00267,2023-01-21,0.0452,1
ORD-2023-000952,CUST-00245,2023-01-19,0.128,1
ORD-2023-000953,CUST-00057,2023-01-12,0.2011,1
ORD-2023-000954,CUST-00161,2023-01-11,0.0785,1
ORD-2023-000955,CUST-00428,2023-01-18,0.0539,3
ORD-2023-000956,CUST-00218,2023-01-26,0.1218,1
ORD-2023-000957,CUST-00223,2023-01-27,0.0488,3
ORD-2023-000958,CUST-00487,2023-01-28,0.1493,1
ORD-2023-000959,CUST-00268,2023-01-11,0.0779,2
ORD-2023-000960,CUST-00253,2023-01-21,0.1743,2
ORD-2023-000961,CUST-00366,2023-01-04,0.1917,1
ORD-2023-000962,CUST-00465,2023-01-20,0.5081,1
ORD-2023-000963,CUST-00069,2023-01-24,0.0706,2
ORD-2023-000964,CUST-00193,2023-01-22,0.0713,1
ORD-2023-000965,CUST-00356,2023-01-11,0.0935,1
ORD-2023-000966,CUST-00105,2023-01-24,0.0918,1
ORD-2023-000967,CUST-00414,2023-01-06,0.02,3
ORD-2023-000968,CUST-00513,2023-01-16,0.0034,1
ORD-2023-000969,CUST-00072,2023-01-19,0.1455,3
ORD-2023-000970,CUST-00071,2023-01-04,0.262,2
ORD-2023-000971,CUST-00310,2023-01-04,0.1335,1
ORD-2023-000972,CUST-00348,2023-01-19,0.2382,2
ORD-2023-000973,CUST-00353,2023-01-20,0.0316,2
ORD-2023-000974,CUST-00372,2023-01-14,0.1302,3
ORD-2023-000975,CUST-00417,2023-01-30,0.0511,1
ORD-2023-000976,CUST-00118,2023-01-01,0.1583,2
ORD-2023-000977,CUST-00355,2023-01-23,0.0813,1
ORD-2023-000978,CUST-00099,2023-01-16,0.2161,1
ORD-2023-000979,CUST-00495,2023-01-06,0.0481,4
ORD-2023-000980,CUST-00434,2023-01-06,0.0221,1
ORD-2023-000981,CUST-00185,2023-01-18,0.0081,2
ORD-2023-000982,CUST-00317,2023-01-20,0.0264,3
ORD-2023-000983,CUST-00084,2023-01-19,0.1087,1
ORD-2023-000984,CUST-00478,2023-01-11,0.0176,1
ORD-2023-000985,CUST-00297,2023-01-09,0.0456,2
ORD-2023-000986,CUST-00204,2023-01-17,0.2622,2
ORD-2023-000987,CUST-00356,2023-01-31,0.0977,3
ORD-2023-000988,CUST-00337,2023-01-21,0.0703,2
ORD-2023-000989,CUST-00436,2023-01-23,0.058,2
ORD-2023-000990,CUST-00311,2023-01-09,0.0625,1
ORD-2023-000991,CUST-00269,2023-01-26,0.3489,1
ORD-2023-000992,CUST-00064,2023-01-29,0.0636,2
ORD-2023-000993,CUST-00331,2023-01-27,0.0396,1
ORD-2023-000994,CUST-00457,2023-01-24,0.2264,1
ORD-2023-000995,CUST-00512,2023-01-07,0.3156,1
ORD-2023-000996,CUST-00388,2023-01-04,0.351,2
ORD-2023-000997,CUST-00114,2023-01-27,0.1012,1
ORD-2023-000998,CUST-00390,2023-01-01,0.2177,3
ORD-2023-000999,CUST-00265,2023-01-24,0.2313,1
ORD-2023-001000,CUST-00016,2023-01-02,0.2709,1
ORD-2023-001001,CUST-00327,2023-01-07,0.1994,2
ORD-2023-001002,CUST-00514,2023-01-29,0.0053,2
ORD-2023-001003,CUST-00229,2023-01-12,0.0737,1
ORD-2023-001004,CUST-00035,2023-01-13,0.1608,1
ORD-2023-001005,CUST-00129,2023-01-24,0.1222,1
ORD-2023-001006,CUST-00283,2023-01-29,0.55,2
ORD-2023-001007,CUST-00109,2023-01-04,0.121,1
ORD-2023-001008,CUST-00116,2023-01-30,0.1275,3
ORD-2023-001009,CUST-00490,2023-01-20,0.3525,1
ORD-2023-001010,CUST-00440,2023-01-01,0.3177,3
ORD-2023-001011,CUST-00479,2023-01-18,0.1493,2
ORD-2023-001012,CUST-00098,2023-01-18,0.0265,2
ORD-2023-001013,CUST-00498,2023-01-20,0.2637,1
ORD-2023-001014,CUST-00196,2023-01-22,0.1451,1
ORD-2023-001015,CUST-00257,2023-01-01,0.0549,1
ORD-2023-001016,CUST-00240,2023-01-24,0.0566,2
ORD-2023-001017,CUST-00155,2023-01-04,0.0926,1
ORD-2023-001018,CUST-00506,2023-01-06,0.0653,1
ORD-2023-001019,CUST-00483,2023-01-07,0.3069,1
ORD-2023-001020,CUST-00203,2023-01-12,0.1503,4
ORD-2023-001021,CUST-00212,2023-01-13,0.1885,3
ORD-2023-001022,CUST-00242,2023-01-14,0.55,1
ORD-2023-001023,CUST-00153,2023-01-12,0.0394,3
ORD-2023-001024,CUST-00318,2023-01-10,0.5432,1
ORD-2023-001025,CUST-00429,2023-01-16,0.1334,1
ORD-2023-001026,CUST-00250,2023-01-02,0.1068,2
ORD-2023-001027,CUST-00474,2023-01-19,0.0333,2
ORD-2023-001028,CUST-00037,2023-01-17,0.0292,1
ORD-2023-001029,CUST-00178,2023-01-12,0.2309,1
ORD-2023-001030,CUST-00386,2023-01-26,0.0543,1
ORD-2023-001031,CUST-00224,2023-01-23,0.1709,1
ORD-2023-001032,CUST-00507,2023-01-05,0.3476,1
ORD-2023-001033,CUST-00247,2023-01-13,0.0641,1
ORD-2023-001034,CUST-00343,2023-01-16,0.036,1
ORD-2023-001035, CUST-00274 ,2023-01-09,0.1002,1
ORD-2023-001036,CUST-00511,2023-01-19,0.2527,1
ORD-2023-001037,CUST-00038,2023-01-20,0.307,3
ORD-2023-001038,CUST-00504,2023-01-13,0.069,2
ORD-2023-001039,CUST-00411,2023-01-05,0.0174,1
ORD-2023-001040,CUST-00012,2023-01-28,0.1697,1
ORD-2023-001041,CUST-00085,2023-01-02,0.0642,2
ORD-2023-001042,CUST-00026,2023-01-06,0.0913,2
ORD-2023-001043,CUST-00319,2023-01-31,0.0216,2
ORD-2023-001044,CUST-00175,2023-01-21,0.1119,2
ORD-2023-001045,CUST-00041,2023-01-04,0.1423,1
ORD-2023-001046,CUST-00300,2023-01-30,0.0742,2
ORD-2023-001047,CUST-00368,2023-01-01,0.1051,1
ORD-2023-001048,CUST-00077,2023-01-20,0.0737,2
ORD-2023-001049,CUST-00352,2023-01-15,0.0349,1
ORD-2023-001050,,2023-01-17,0.0188,1
ORD-2023-001051,CUST-00210,2023-01-02,0.3277,1
ORD-2023-001052,CUST-00232,2023-01-11,0.0481,1
ORD-2023-001053,CUST-00305,2023-01-28,0.1948,3
ORD-2023-001054,CUST-00014,2023-01-11,0.1924,1
ORD-2023-001055,CUST-00160,2023-01-22,0.4732,1
ORD-2023-001056,CUST-00237,2023-01-23,0.066,4
ORD-2023-001057,CUST-00437,2023-01-21,0.3249,2
ORD-2023-001058,CUST-00517,2023-01-31,0.3181,1
ORD-2023-001059,CUST-00100,2023-01-30,0.4395,1
ORD-2023-001060,CUST-00049,2023-01-02,0.0788,2
ORD-2023-001061,CUST-00411,2023-01-12,0.0626,1
ORD-2023-001062,CUST-00505,2023-01-16,0.3294,1
ORD-2023-001063,CUST-00379,2023-01-11,0.0423,1
ORD-2023-001064,CUST-00284,2023-01-03,0.1472,3
ORD-2023-001065,CUST-00240,2023-01-19,0.0724,3
ORD-2023-001066,CUST-00228,2023-01-18,0.0171,3
ORD-2023-001067,CUST-00354,2023-01-14,0.3006,1
ORD-2023-001068,CUST-00371,2023-01-21,0.0899,2
ORD-2023-001069,CUST-00245,2023-01-16,0.0431,1
ORD-2023-001070,CUST-00067,2023-01-07,0.0486,1
ORD-2023-001071,CUST-00062,2023-01-05,0.2957,1
ORD-2023-001072,CUST-00321,2023-01-16,0.55,1
ORD-2023-001073,CUST-00244,2023-01-10,0.2662,1
ORD-2023-001074,CUST-00163,2023-01-15,0.0275,2
ORD-2023-001075,CUST-00387,2023-01-21,0.0382,1
ORD-2023-001076,CUST-00494,2023-01-05,0.2484,3
ORD-2023-001077,CUST-00500,2023-01-01,0.0963,1
ORD-2023-001078,CUST-00198,2023-01-31,0.0798,3
ORD-2023-001079,CUST-00381,2023-01-23,0.1375,1
ORD-2023-001080,CUST-00279,2023-01-24,0.5057,1
ORD-2023-001081,CUST-00158,2023-01-02,0.1503,1
ORD-2023-001082,CUST-00207,2023-01-08,0.1376,1
ORD-2023-001083,CUST-00319,2023-01-16,0.0448,3
ORD-2023-001084,CUST-00460,2023-01-20,0.0869,3
ORD-2023-001085,CUST-00270,2023-01-27,0.147,2
ORD-2023-001086,CUST-00054,2023-01-05,0.0383,1
ORD-2023-001087,CUST-00404,2023-01-06,0.3145,2
ORD-2023-001088,CUST-00294,2023-01-17,0.0318,1
ORD-2023-001089,CUST-00060,2023-01-18,0.2227,1
ORD-2023-001090,CUST-00095,2023-01-04,0.2498,4
ORD-2023-001091,CUST-00293,2023-01-14,0.1986,1
ORD-2023-001092,CUST-00019,2023-01-12,0.0334,2
ORD-2023-001093,CUST-00376,2023-01-07,0.1112,3
ORD-2023-001094,CUST-00059,2023-01-26,0.0241,1
ORD-2023-001095,CUST-00318,2023-01-29,0.1637,2
ORD-2023-001096,CUST-00199,2023-01-06,0.1688,1
ORD-2023-001097,CUST-00066,2023-01-21,0.0089,1
ORD-2023-001098,CUST-00036,2023-01-04,0.0312,1
ORD-2023-001099,CUST-00224,2023-01-05,0.061,1
ORD-2023-001100,CUST-00282,2023-01-30,0.0953,1
ORD-2023-001101,CUST-00334,2023-01-13,0.0287,2
ORD-2023-001102,CUST-00079,2023-01-20,0.3969,1
ORD-2023-001103,CUST-00299,2023-01-02,0.1577,1
ORD-2023-001104,CUST-00463,2023-01-09,0.3491,3
ORD-2023-001105,CUST-00013,2023-01-15,0.075,2
ORD-2023-001106,CUST-00370,2023-01-09,0.0649,1
ORD-2023-001107,CUST-00150,2023-01-04,0.1457,3
ORD-2023-001108,CUST-00333,2023-01-11,0.1105,1
ORD-2023-001109,CUST-00315,2023-01-03,0.2001,1
ORD-2023-001110,CUST-00017,2023-01-11,0.1313,1
ORD-2023-001111,CUST-00404,2023-01-13,0.2181,4
ORD-2023-001112,CUST-00188,2023-01-22,0.1045,1
ORD-2023-001113,CUST-00165,2023-01-28,0.1027,1
ORD-2023-001114,CUST-00375,2023-01-27,0.3769,2
ORD-2023-001115,CUST-00115,2023-01-20,0.0692,2
ORD-2023-001116,CUST-00304,2023-01-06,0.1663,2
ORD-2023-001117,CUST-00516,2023-01-08,0.1268,2
ORD-2023-001118,CUST-00292,2023-01-30,0.1359,3
ORD-2023-001119,CUST-00055,2023-01-22,0.0141,1
ORD-2023-001120,CUST-00028,2023-01-14,0.3544,2
ORD-2023-001121,CUST-00471,2023-01-18,0.255,1
ORD-2023-001122,CUST-00388,2023-01-26,0.2445,2
ORD-2023-001123,CUST-00246,2023-01-12,0.4103,2
ORD-2023-001124,CUST-00307,2023-01-20,0.244,3
ORD-2023-001125,CUST-00335,2023-01-24,0.2167,1
ORD-2023-001126,CUST-00409,2023-01-16,0.0191,1
ORD-2023-001127,CUST-00209,2023-01-24,0.4507,3
ORD-2023-001128,CUST-00325,2023-01-01,0.0276,3
ORD-2023-001129,CUST-00052,2023-01-24,0.0961,2
ORD-2023-001130,CUST-00244,2023-01-07,0.286,3
ORD-2023-001131,CUST-00445,2023-01-24,0.0629,2
ORD-2023-001132,CUST-00277,2023-01-13,0.0265,2
ORD-2023-001133,CUST-00360,2023-01-27,0.1186,1
ORD-2023-001134,CUST-00420,2023-01-20,0.55,1
ORD-2023-001135,CUST-00455,2023-01-27,0.3336,3
ORD-2023-001136,CUST-00075,2023-01-01,0.0265,2
ORD-2023-001137,CUST-00332,2023-01-15,0.0263,1
ORD-2023-001138,CUST-00220,2023-01-29,0.3287,2
ORD-2023-001139,CUST-00491,2023-01-20,0.55,1
ORD-2023-001140,CUST-00157,2023-01-30,0.3244,3
ORD-2023-001141,CUST-00488,2023-01-17,0.1062,2
ORD-2023-001142,CUST-00174,2023-01-24,0.2252,1
ORD-2023-001143,CUST-00432,2023-01-24,0.1743,1
ORD-2023-001144,CUST-00168,2023-01-30,0.1635,1
ORD-2023-001145,CUST-00110,2023-01-05,0.1676,1
ORD-2023-001146,CUST-00327,2023-01-09,0.0662,1
ORD-2023-001147,CUST-00399,2023-01-04,0.0464,1
ORD-2023-001148,CUST-00438,2023-01-15,0.1856,1
ORD-2023-001149,CUST-00425,2023-01-08,0.2865,1
ORD-2023-001150,CUST-00046,2023-01-27,0.2098,1
ORD-2023-001151,CUST-00305,2023-01-21,0.1128,4
ORD-2023-001152,CUST-00427,2023-01-05,0.1037,1
ORD-2023-001153,CUST-00346,2023-01-25,0.4378,1
ORD-2023-001154,CUST-00088,2023-01-06,0.0713,1
ORD-2023-001155,CUST-00314,2023-01-10,0.036,2
ORD-2023-001156,CUST-00446,2023-01-22,0.2456,1
ORD-2023-001157,CUST-00139,2023-01-02,0.0608,1
ORD-2023-001158,CUST-00044,2023-01-25,0.3357,1
ORD-2023-001159,CUST-00166,2023-01-25,0.51,1
ORD-2023-001160,CUST-00281,2023-01-05,0.0595,2
ORD-2023-001161,CUST-00385,2023-01-06,0.3178,2
ORD-2023-001162,CUST-00061,2023-01-18,0.0408,1
ORD-2023-001163,CUST-00184,2023-01-31,0.1606,1
ORD-2023-001164,CUST-00151,2023-01-23,0.0014,1
ORD-2023-001165,CUST-00424,2023-01-15,0.5374,1
ORD-2023-001166,CUST-00243,2023-01-27,0.1324,1
ORD-2023-001167,CUST-00373,2023-01-14,0.2746,2
ORD-2023-001168,CUST-00264,2023-01-08,0.0494,2
ORD-2023-001169,CUST-00416,2023-01-18,0.0334,1
ORD-2023-001170,CUST-00340,2023-01-22,0.2163,1
ORD-2023-001171,CUST-00289,2023-01-29,0.1861,1
ORD-2023-001172,CUST-00517,2023-01-03,0.3253,1
ORD-2023-001173,CUST-00126,2023-01-14,0.2556,2
ORD-2023-001174,CUST-00101,2023-01-05,0.2917,1
ORD-2023-001175,CUST-00167,2023-01-04,0.1198,2
ORD-2023-001176,CUST-00359,2023-01-10,0.0835,3
ORD-2023-001177,CUST-00186,2023-01-18,0.3105,1
ORD-2023-001178,CUST-00124,2023-01-02,0.4284,2
ORD-2023-001179,CUST-00400,2023-01-24,0.038,2
ORD-2023-001180,CUST-00254,2023-01-10,0.3626,2
ORD-2023-001181,CUST-00258,2023-01-03,0.2401,1
ORD-2023-001182,CUST-00173,2023-01-19,0.2171,1
ORD-2023-001183,CUST-00006,2023-01-27,0.233,2
ORD-2023-001184,CUST-00086,2023-01-15,0.3469,2
ORD-2023-001185,CUST-00454,2023-01-23,0.4097,2
ORD-2023-001186,CUST-00391,2023-01-22,0.2366,2
ORD-2023-001187,CUST-00286,2023-01-06,0.55,1
ORD-2023-001188,CUST-00510,2023-01-19,0.2318,1
ORD-2023-001189,CUST-00125,2023-01-09,0.55,1
ORD-2023-001190,CUST-00058,2023-01-11,0.3536,2
ORD-2023-001191,CUST-00383,2023-01-16,0.2965,2
ORD-2023-001192,CUST-00342,2023-01-18,0.4628,2
ORD-2023-001193,CUST-00056,2023-01-14,0.418,2
ORD-2023-001194,CUST-00374,2023-01-13,0.55,2
ORD-2023-001195,CUST-00234,2023-01-14,0.3468,1
ORD-2023-001196,CUST-00149,2023-01-07,0.55,1
ORD-2023-001197,CUST-00287,2023-01-06,0.2284,2
ORD-2023-001198,CUST-00031,2023-01-09,0.5255,1
ORD-2023-001199,CUST-00406,2023-01-09,0.3052,1
ORD-2023-001200,CUST-00451,2023-01-13,0.2086,1
ORD-2023-001201,CUST-00030,2023-01-22,0.3046,1
ORD-2023-001202,CUST-00138,2023-01-29,0.3052,2
ORD-2023-001203,CUST-00011,2023-01-26,0.2085,1
ORD-2023-001204,CUST-00309,2023-01-13,0.276,2
ORD-2023-001205,CUST-00231,2023-01-25,0.2367,1
ORD-2023-001206,CUST-00271,2023-01-11,0.2093,1
ORD-2023-001207,CUST-00102,2023-01-07,0.0531,1
ORD-2023-001208,CUST-00380,2023-01-07,0.481,2
ORD-2023-001209,CUST-00073,2023-01-22,0.5292,1
ORD-2023-001210,CUST-00249,2023-01-16,0.3205,2
ORD-2023-001211,CUST-00276,2023-01-19,0.55,1
ORD-2023-001212,CUST-00197,2023-01-06,0.308,2
ORD-2023-001213,CUST-00433,2023-01-07,0.1819,1
ORD-2023-001214,CUST-00248,2023-01-27,0.55,1
ORD-2023-001215,CUST-00423,2023-01-28,0.55,2
ORD-2023-001216,CUST-00091,2023-01-28,0.1014,1
ORD-2023-001217,CUST-00450,2023-01-02,0.4604,1
ORD-2023-001218,CUST-00256,2023-01-12,0.534,1
ORD-2023-001219,CUST-00444,2023-01-23,0.3334,1
ORD-2023-001220,CUST-00034,2023-01-06,0.5246,1
ORD-2023-001221,CUST-00154,2023-01-09,0.3502,1
ORD-2023-001222,CUST-00211,2023-01-30,0.2221,2
ORD-2023-001223,CUST-00364,2023-01-20,0.2185,1
ORD-2023-001224,CUST-00361,2023-01-30,0.3534,1
ORD-2023-001225,CUST-00159,2023-01-08,0.55,1
ORD-2023-001226,CUST-00241,2023-01-18,0.2974,2
ORD-2023-001227,CUST-00323,2023-01-25,0.55,2
ORD-2023-001228,CUST-00518,2023-01-13,0.3571,2
ORD-2023-001229,CUST-00255,2023-01-08,0.4818,1
ORD-2023-001230,CUST-00290,2023-01-27,0.3367,1
ORD-2023-001231,CUST-00344,2023-01-06,0.4632,1
ORD-2023-001232,CUST-00043,2023-01-19,0.3236,2
ORD-2023-001233,CUST-00401,2023-01-29,0.55,1
ORD-2023-001234,CUST-00261,2023-01-31,0.5061,2
ORD-2023-001235,CUST-00378,2023-01-09,0.3119,2
ORD-2023-001236,CUST-00485,2023-01-29,0.244,1
ORD-2023-001237,CUST-00189,2023-01-15,0.4604,2
ORD-2023-001238,CUST-00094,2023-01-01,0.3187,2
ORD-2023-001239,CUST-00369,2023-01-22,0.2703,2
ORD-2023-001240,CUST-00047,2023-01-10,0.55,1
ORD-2023-001241,CUST-00347,2023-01-11,0.2633,2
ORD-2023-001242,CUST-00320,2023-01-29,0.55,1
ORD-2023-001243,CUST-00439,2023-01-10,0.5282,2
ORD-2023-001244,CUST-00469,2023-01-08,0.4232,1
ORD-2023-001245,CUST-00452,2023-01-27,0.031,1
ORD-2023-001246,CUST-00351,2023-01-23,0.289,2
